Temp,E_mean,E_std,M_mean,M_std
0.0,-2.0,0.0,1.0,0.0
0.005,-2.0,0.0,1.0,0.0
0.01,-2.0,0.0,1.0,0.0
0.015,-2.0,0.0,1.0,0.0
0.02,-2.0,0.0,1.0,0.0
0.025,-2.0,0.0,1.0,0.0
0.03,-2.0,0.0,1.0,0.0
0.035,-2.0,0.0,1.0,0.0
0.04,-2.0,0.0,1.0,0.0
0.045,-2.0,0.0,1.0,0.0
0.05,-2.0,0.0,1.0,0.0
0.055,-2.0,0.0,1.0,0.0
0.06,-2.0,0.0,1.0,0.0
0.065,-2.0,0.0,1.0,0.0
0.07,-2.0,0.0,1.0,0.0
0.075,-2.0,0.0,1.0,0.0
0.08,-2.0,0.0,1.0,0.0
0.085,-2.0,0.0,1.0,0.0
0.09,-2.0,0.0,1.0,0.0
0.095,-2.0,0.0,1.0,0.0
0.1,-2.0,0.0,1.0,0.0
0.105,-2.0,0.0,1.0,0.0
0.11,-2.0,0.0,1.0,0.0
0.115,-2.0,0.0,1.0,0.0
0.12,-2.0,0.0,1.0,0.0
0.125,-2.0,0.0,1.0,0.0
0.13,-2.0,0.0,1.0,0.0
0.135,-2.0,0.0,1.0,0.0
0.14,-2.0,0.0,1.0,0.0
0.145,-2.0,0.0,1.0,0.0
0.15,-2.0,0.0,1.0,0.0
0.155,-2.0,0.0,1.0,0.0
0.16,-2.0,0.0,1.0,0.0
0.165,-2.0,0.0,1.0,0.0
0.17,-2.0,0.0,1.0,0.0
0.17500000000000002,-2.0,0.0,1.0,0.0
0.18,-2.0,0.0,1.0,0.0
0.185,-2.0,0.0,1.0,0.0
0.19,-2.0,0.0,1.0,0.0
0.195,-2.0,0.0,1.0,0.0
0.2,-2.0,0.0,1.0,0.0
0.20500000000000002,-2.0,0.0,1.0,0.0
0.21,-2.0,0.0,1.0,0.0
0.215,-2.0,0.0,1.0,0.0
0.22,-2.0,0.0,1.0,0.0
0.225,-2.0,0.0,1.0,0.0
0.23,-2.0,0.0,1.0,0.0
0.23500000000000001,-2.0,0.0,1.0,0.0
0.24,-2.0,0.0,1.0,0.0
0.245,-2.0,0.0,1.0,0.0
0.25,-2.0,0.0,1.0,0.0
0.255,-2.0,0.0,1.0,0.0
0.26,-2.0,0.0,1.0,0.0
0.265,-2.0,0.0,1.0,0.0
0.27,-2.0,0.0,1.0,0.0
0.275,-2.0,0.0,1.0,0.0
0.28,-2.0,0.0,1.0,0.0
0.28500000000000003,-2.0,0.0,1.0,0.0
0.29,-2.0,0.0,1.0,0.0
0.295,-2.0,0.0,1.0,0.0
0.3,-2.0,0.0,1.0,0.0
0.305,-2.0,0.0,1.0,0.0
0.31,-2.0,0.0,1.0,0.0
0.315,-2.0,0.0,1.0,0.0
0.32,-2.0,0.0,1.0,0.0
0.325,-2.0,0.0,1.0,0.0
0.33,-2.0,0.0,1.0,0.0
0.335,-2.0,0.0,1.0,0.0
0.34,-2.0,0.0,1.0,0.0
0.34500000000000003,-2.0,0.0,1.0,0.0
0.35000000000000003,-2.0,0.0,1.0,0.0
0.355,-2.0,0.0,1.0,0.0
0.36,-2.0,0.0,1.0,0.0
0.365,-2.0,0.0,1.0,0.0
0.37,-2.0,0.0,1.0,0.0
0.375,-2.0,0.0,1.0,0.0
0.38,-2.0,0.0,1.0,0.0
0.385,-2.0,0.0,1.0,0.0
0.39,-2.0,0.0,1.0,0.0
0.395,-2.0,0.0,1.0,0.0
0.4,-2.0,0.0,1.0,0.0
0.405,-2.0,0.0,1.0,0.0
0.41000000000000003,-2.0,0.0,1.0,0.0
0.41500000000000004,-2.0,0.0,1.0,0.0
0.42,-2.0,0.0,1.0,0.0
0.425,-2.0,0.0,1.0,0.0
0.43,-2.0,0.0,1.0,0.0
0.435,-2.0,0.0,1.0,0.0
0.44,-2.0,0.0,1.0,0.0
0.445,-2.0,0.0,1.0,0.0
0.45,-2.0,0.0,1.0,0.0
0.455,-2.0,0.0,1.0,0.0
0.46,-1.9999967993056924,5.0501033121739736e-05,0.9999991999456562,1.262337700219318e-05
0.465,-2.0,0.0,1.0,0.0
0.47000000000000003,-2.0,0.0,1.0,0.0
0.47500000000000003,-2.0,0.0,1.0,0.0
0.48,-2.0,0.0,1.0,0.0
0.485,-1.999991518160085,8.193683656482864e-05,0.9999978798559891,2.0481156807852794e-05
0.49,-1.9999983996528463,3.574546522559391e-05,0.9999995999728282,8.935034706591237e-06
0.495,-1.999999199826423,2.5288523481022492e-05,0.9999997999864141,6.321188815290602e-06
0.5,-1.9999977595139846,4.227764628860903e-05,0.9999994399619594,1.0567836633756764e-05
0.505,-1.9999998399652845,1.131389978789585e-05,0.9999999599972829,2.8280534784972864e-06
0.51,-1.9999983996528463,3.574546522559391e-05,0.9999995999728282,8.935034706591237e-06
0.515,-1.9999950389238232,6.280378848691945e-05,0.9999987599157671,1.569860753789411e-05
0.52,-2.0,0.0,1.0,0.0
0.525,-2.0,0.0,1.0,0.0
0.53,-2.0,0.0,1.0,0.0
0.535,-1.9999980795834154,3.914934577218302e-05,0.9999995199673938,9.785878040953215e-06
0.54,-1.9999934385766696,7.215383041963635e-05,0.9999983598885953,1.8035769710764414e-05
0.545,-1.9999993598611385,2.2621007500124422e-05,0.9999998399891312,5.654409191098005e-06
0.55,-1.9999975994792694,4.375713191048693e-05,0.9999993999592421,1.093765292502486e-05
0.555,-1.9999983996528463,3.574546522559392e-05,0.9999995999728282,8.935034706591237e-06
0.56,-1.999985596875616,0.00010637313836133132,0.9999963997554531,2.6589321949207764e-05
0.5650000000000001,-1.999994878889108,6.38022906163442e-05,0.99999871991305,1.5948195873776993e-05
0.5700000000000001,-1.9999918382295157,8.03922410318081e-05,0.9999979598614235,2.0095065464291184e-05
0.5750000000000001,-1.9999977595139846,4.227764628860902e-05,0.9999994399619594,1.0567836633756762e-05
0.58,-1.999988157431062,9.661246858185111e-05,0.9999970397989281,2.4149518111467028e-05
0.585,-1.9999899178129312,8.924256660199691e-05,0.9999974798288171,2.2307317162099513e-05
0.59,-1.9999884775004928,9.531729984947463e-05,0.9999971198043625,2.3825774176351318e-05
0.595,-1.9999955190279695,5.970560439556757e-05,0.9999988799239188,1.4924176929453823e-05
0.6,-1.999983516424316,0.00011364583363811095,0.9999958797201297,2.8407224843977222e-05
0.605,-1.9999879973963466,9.72531900226982e-05,0.9999969997962109,2.4309674603349162e-05
0.61,-1.9999878373616313,9.788945618136139e-05,0.9999969597934937,2.446871744065471e-05
0.615,-1.9999919982642311,7.960822319784809e-05,0.9999979998641406,1.9899090212247087e-05
0.62,-1.9999871972227699,0.00010039165332260769,0.999996799782625,2.5094173513436818e-05
0.625,-1.9999761548274086,0.00014426506037167142,0.9999940394878292,3.606206338493344e-05
0.63,-1.9999814359730161,0.00012044438503533822,0.9999953596848062,3.010660943179553e-05
0.635,-1.999974554480255,0.00015008645701109375,0.9999936394368107,3.7517399253681724e-05
0.64,-1.9999673529180628,0.00016693991246152754,0.9999918393145373,4.172999071269221e-05
0.645,-1.999974554480255,0.00015178295140174866,0.9999936394845039,3.79411380157221e-05
0.65,-1.9999723139942396,0.00014622812527729094,0.9999930795299266,3.6551583989369025e-05
0.655,-1.9999708736818012,0.00014984360707398929,0.9999927195054719,3.745531975363091e-05
0.66,-1.9999516695159558,0.00019327039494827764,0.999987919131716,4.831078191507311e-05
0.665,-1.9999455881967714,0.00020951924382734696,0.999986398921153,5.2373149416033184e-05
0.67,-1.999938626817809,0.0002177452319986415,0.9999844387641643,5.576536502020778e-05
0.675,-1.9999638321543245,0.0001816697848590607,0.9999909591355259,4.541283413151765e-05
0.68,-1.9999478286827868,0.00020201072520354462,0.9999869590307336,5.049579550295786e-05
0.685,-1.999950629302229,0.0002087037646011608,0.9999876388503829,5.229975781535385e-05
0.6900000000000001,-1.9999151816008496,0.0002812436993116417,0.9999787978921849,7.030431665006424e-05
0.6950000000000001,-1.9999303049887627,0.00023031258761803072,0.999982398637511,5.860106948715388e-05
0.7000000000000001,-1.9999070198303652,0.0002834351707561589,0.999976757741685,7.085184791506839e-05
0.705,-1.9999132611842652,0.00026128547996614505,0.9999783182292015,6.531336303388669e-05
0.71,-1.9999022988658781,0.0002784721021424323,0.999975477881278,7.007620476198373e-05
0.715,-1.999880454162999,0.0003162898985454531,0.9999699570532202,7.9710008438283e-05
0.72,-1.9998697318609153,0.00032793131381112135,0.9999672368446048,8.29869431001503e-05
0.725,-1.999870051811113,0.00033299751927996627,0.9999675168755484,8.324125738172121e-05
0.73,-1.9998636505178844,0.0003338967031193727,0.9999657566844523,8.406942271474794e-05
0.735,-1.9998742127137128,0.0003451392687934699,0.9999685566958058,8.627789101769006e-05
0.74,-1.99979651587132,0.00039857874210102914,0.9999491150294764,9.969541094984451e-05
0.745,-1.9998040376460227,0.00039559064606550424,0.9999507550454946,9.967693332531922e-05
0.75,-1.9998243621025689,0.0003758391793297732,0.9999557554924529,9.505229689974053e-05
0.755,-1.999799156527587,0.00045230846218737784,0.999949633741312,0.0001134933910494188
0.76,-1.9997852334835025,0.0004310467628352168,0.9999461941157228,0.00010826773013240671
0.765,-1.9997417041363061,0.0004770320195762217,0.999935112611893,0.00012026252789214239
0.77,-1.9996776903932345,0.0004919232300031179,0.9999189110225762,0.00012442718402975666
0.775,-1.9997337026390034,0.0004765231899031239,0.9999327519627231,0.0001208610870177074
0.78,-1.99969769485189,0.0005026197889829089,0.9999237108478596,0.00012780443206191465
0.785,-1.9996624071375326,0.0004983199756120789,0.9999149907443685,0.00012604364509013056
0.79,-1.999623999044308,0.0005595492092304806,0.999905068174699,0.00014234803610397884
0.795,-1.9995687069666817,0.0005717276800855425,0.999891306691514,0.0001450686294063579
0.8,-1.9996126362695101,0.000527363764678529,0.999902428615377,0.0001340827753994756
0.805,-1.999517255555298,0.000603264895045186,0.9998788640579717,0.0001517969114023829
0.81,-1.9994174741129562,0.0006551529524167568,0.9998537398596052,0.00016489390992113353
0.8150000000000001,-1.9995525435319683,0.0006041263960604945,0.9998871455623713,0.0001536092508323373
0.8200000000000001,-1.9995087739300026,0.000618974163640781,0.999876383925276,0.00015698260726491523
0.8250000000000001,-1.9995343002421209,0.0006054884590469643,0.9998805041216831,0.0001597166772839538
0.8300000000000001,-1.9993833075477783,0.0007143475746515389,0.9998439379419463,0.0001829437686393486
0.835,-1.9994073919974271,0.0006545129889182615,0.9998512997415501,0.00016467656058472257
0.84,-1.9993309756473772,0.0007438474135179036,0.9998317362070323,0.00018774402258575962
0.845,-1.9993404176001979,0.0007601056829499244,0.9998343350840082,0.00019123969349405342
0.85,-1.9992279139345326,0.0008219665775145415,0.9998052898681886,0.00020849098123220246
0.855,-1.9992540797178067,0.0007468449736795367,0.9998113325081436,0.0001899434403094346
0.86,-1.999213671035637,0.0008073602407876594,0.9998016899217246,0.00020444383576476938
0.865,-1.9989697790355725,0.0008938692705051031,0.999739156732275,0.00022851837811379647
0.87,-1.999082123214995,0.0009105725473902026,0.9997688021915487,0.00022970643838056374
0.875,-1.9990411541847783,0.0008735784519631523,0.9997582413669013,0.00022100215927027726
0.88,-1.9990369138490631,0.0008629680585831955,0.999754960691006,0.00022292039099645756
0.885,-1.9990096273220022,0.0008802219551257377,0.9997501196825974,0.00022370026907968197
0.89,-1.9989536957493732,0.0009010648349460633,0.9997355165207809,0.0002293224043521437
0.895,-1.9988643170881568,0.0009719444359094681,0.999712631222629,0.00024805673551512653
0.9,-1.9987398101511324,0.0009714538534952646,0.9996807050361565,0.00025035835135500683
0.905,-1.9988386309559427,0.0009693015398135848,0.9997072301523331,0.0002459407650550943
0.91,-1.9986588348744272,0.0010662695571828182,0.9996588999425251,0.00027540028991261705
0.915,-1.9985622530532947,0.0010044062748629542,0.9996351756246407,0.00026034411178170767
0.92,-1.9985544119484069,0.0010288308968135062,0.9996340157127686,0.00026283745199955755
0.925,-1.9984699143579325,0.0010881326590502355,0.9996137307820069,0.0002763137534943371
0.93,-1.9983862982818807,0.001154438795672814,0.9995909659450926,0.0002956249338259575
0.935,-1.9984030219454079,0.0011588726887518306,0.9995956074764644,0.00029764558809582174
0.9400000000000001,-1.998222743899709,0.001164436133217168,0.9995502773750589,0.0002973812562407401
0.9450000000000001,-1.9979224443244896,0.0012309399595138765,0.9994721401570009,0.00031657696512261475
0.9500000000000001,-1.997998780430639,0.0012627170789558243,0.9994926650921424,0.0003229868733400926
0.9550000000000001,-1.9979598134917054,0.0012941185896169645,0.9994813820843125,0.00033396550153061677
0.96,-1.998002141350435,0.001295174684130261,0.9994944643917072,0.0003305150892302798
0.965,-1.9976583131195713,0.0013635444842546372,0.9994034060575314,0.00035531640298312224
0.97,-1.9978284268504167,0.0013394123534551073,0.9994487749931693,0.0003451284693753447
0.975,-1.997710162817323,0.0013796815009765287,0.9994200084967287,0.00035362789245620726
0.98,-1.9975039653240096,0.0014101279600508537,0.9993669577635963,0.00036023596865288597
0.985,-1.9974321902430183,0.0014183369325339059,0.9993470330957557,0.00036418847167928785
0.99,-1.9971004448120153,0.0015287108324466049,0.9992578543408153,0.00039958223590898093
0.995,-1.9971887054479607,0.0016104053003873798,0.9992854595780492,0.00041382309654623174
1.0,-1.9971475754291637,0.001507422984888707,0.999272057213147,0.00039235267877719797
1.0050000000000001,-1.9970315533844225,0.0017227870442730567,0.9992438913774767,0.00044421458602449224
1.01,-1.9966596425306942,0.0016972543223505365,0.9991499908949572,0.00043793010002290224
1.0150000000000001,-1.996381028291344,0.0019299536725381804,0.9990756556042959,0.0005019050373418616
1.02,-1.9965795455729636,0.0017231942049373001,0.9991245859502482,0.00045160942581944075
1.025,-1.996343263150883,0.001787501132488266,0.999066173612988,0.0004625900291106729
1.03,-1.9962238006578443,0.0017383880668271612,0.9990338065619945,0.00045265265139385336
1.035,-1.9960272783612127,0.0018790498753685429,0.998983756485737,0.000490791596987166
1.04,-1.9959640676294668,0.0019686447382023776,0.9989714344565118,0.0005113359653481577
1.045,-1.995493977302121,0.0018976971756054142,0.9988470075487685,0.000493065656737369
1.05,-1.9954306052479416,0.0018727470257379388,0.9988272832879831,0.00048801036594033433
1.055,-1.9953273865289034,0.0018697246857342796,0.9988028381580971,0.00048729644679584573
1.06,-1.9950755766378114,0.002063232503931364,0.9987371053712848,0.0005437002559026588
1.065,-1.9950586918664708,0.001992161889826949,0.998731904016492,0.000517605307032274
1.07,-1.9948129637714958,0.002028958696737072,0.9986691313592118,0.0005368643686614419
1.075,-1.9946654151978314,0.002113875860367612,0.9986299641086093,0.0005556437191659627
1.08,-1.9945607536624588,0.002165243386263166,0.998603678186027,0.0005650362628685825
1.085,-1.9941742771695818,0.0021495160904462787,0.998499538057159,0.0005711442672846096
1.09,-1.994111304856415,0.002165249055698652,0.9984890553659858,0.00056593052115778
1.095,-1.9938739777135954,0.0021729277442091195,0.9984244825983553,0.0005691747007698173
1.1,-1.9937162642289123,0.0024073560264829567,0.9983825546356411,0.0006312762822918497
1.105,-1.993432047987585,0.002414307895563038,0.9983116202436464,0.0006344297944741871
1.11,-1.9930968600574746,0.002495129658901663,0.9982200021337427,0.000664546987764568
1.115,-1.9929870777689092,0.0024455576300490447,0.9981872357709762,0.0006502857231435983
1.12,-1.992513302660723,0.0026636630932886387,0.9980654518564693,0.0007075983612596821
1.125,-1.9927043821316144,0.0024850714348208006,0.9981138617378589,0.0006581690014904305
1.1300000000000001,-1.9921325056713612,0.002419076090519481,0.9979599517425267,0.0006447000613553368
1.135,-1.9921653906472518,0.002537913592207472,0.9979690336351229,0.0006715195371245805
1.1400000000000001,-1.9916416866155977,0.0026902163762029343,0.9978370475730889,0.0007227361088587951
1.145,-1.9917736322933686,0.0025099615980837225,0.9978717742716939,0.0006662917602374973
1.1500000000000001,-1.9914455655384693,0.0026486482911139923,0.9977796349222122,0.0007040879129653701
1.155,-1.9910680501550215,0.002662786599551297,0.9976794953273759,0.0007109201917440545
1.16,-1.9906153195522909,0.0027542094487559526,0.9975605116269187,0.0007417697569223249
1.165,-1.9901433849744878,0.0030031689722286436,0.9974324065319274,0.0008043731389422432
1.17,-1.9900580878542957,0.0029752698919003027,0.9974275651062029,0.000792261986874719
1.175,-1.9896252807032277,0.0029610322449851977,0.9973038996331904,0.0007909767126785347
1.18,-1.9892324021301835,0.0030621459854665123,0.9971922377415432,0.0008308251770540324
1.185,-1.9890071574056785,0.0030519274489240345,0.9971430276865767,0.0008194406158562946
1.19,-1.9889793918714163,0.003017673323223743,0.99712998488112,0.0008051516511599946
1.195,-1.9883514267131075,0.0031302124906738013,0.996968472688335,0.0008354511990531916
1.2,-1.9877917134158491,0.0031634824012637054,0.9968106808674815,0.0008555475973354625
1.205,-1.9874597271577576,0.00325064024582912,0.996732345173945,0.0008859652951539092
1.21,-1.9871134987638626,0.0034361609230862357,0.9966299249830664,0.0009397287158520722
1.215,-1.9870105965849543,0.0032112442536751987,0.9966185222413211,0.0008572819273930041
1.22,-1.9865623475504197,0.003298131917661328,0.9964779740954715,0.0009138054164799822
1.225,-1.986078170185734,0.0034166124764568482,0.9963468276731824,0.0009256052743634659
1.23,-1.9856548861614058,0.0034130504398244455,0.9962256435490436,0.0009334009116384667
1.235,-1.9851667087873142,0.0034425807300464107,0.9961069400464565,0.0009392499727635
1.24,-1.984914979378589,0.0036551036745675488,0.9960491683965302,0.0010077789228875491
1.245,-1.984441764642296,0.003651394332055244,0.9959104605545209,0.000999211910502798
1.25,-1.9838125186339453,0.0036116871270653913,0.9957292242082603,0.0009914418705539822
1.2550000000000001,-1.9833956358074594,0.0035469389161575733,0.9956350059336628,0.000977923689573602
1.26,-1.9826974967976383,0.003721773957388296,0.9954364057134738,0.001026741812266434
1.2650000000000001,-1.9834012360209392,0.0037491367646783143,0.9956410463916514,0.0010228029134680188
1.27,-1.981682895946369,0.003989330862246198,0.9951630307689002,0.001109472175597244
1.2750000000000001,-1.9813553887764248,0.004023840932056128,0.9950673315949048,0.0011282706954820483
1.28,-1.9810878162408834,0.004118693795996984,0.9950132807580727,0.0011438905763933925
1.285,-1.9806645317396228,0.003955765819173926,0.9948948573579691,0.001107087131532526
1.29,-1.9798881378763318,0.004124208809005412,0.9946598898508378,0.0011522221300013635
1.295,-1.9797037010980765,0.004306716866869519,0.9946242425770349,0.0012055438072844779
1.3,-1.979626965417841,0.004367261873095661,0.9946119607532232,0.0012055393450747555
1.305,-1.978825765744427,0.004512664935191425,0.9943562693108461,0.0012679441074342358
1.31,-1.9785519513780534,0.004378699786009181,0.9943268233286092,0.0012047716716894353
1.315,-1.9763435909904987,0.0046308568219475986,0.9936718519126494,0.0013333488083621698
1.32,-1.9775431899219351,0.004374216186376058,0.9940569293477531,0.001219524881375365
1.325,-1.976178197985674,0.004597197530342702,0.9936480471720145,0.0012758100477139205
1.33,-1.9756744179303085,0.0048536786039091355,0.9934896956588964,0.001399066719956027
1.335,-1.9751482322516978,0.004492323709723748,0.9933806736723474,0.0012608195407493906
1.34,-1.9748373701229505,0.004834725162787016,0.9932823740474985,0.0013491169795479471
1.345,-1.9737043433199886,0.004660738178945275,0.9929877149269423,0.00130599465747139
1.35,-1.973096461504978,0.004898140475923583,0.9928159210342816,0.001372621964606518
1.355,-1.9733844396232916,0.004895445088403459,0.9928520881407117,0.0014218558684034662
1.36,-1.9714918207898096,0.004946302450136783,0.9923634697947891,0.0013809265516251086
1.365,-1.9708887408031992,0.005275262472645782,0.9921863548730369,0.0015142279939393264
1.37,-1.9685529929968233,0.00493943963304992,0.9915275433273835,0.0013886815953870774
1.375,-1.9692789775701875,0.00518305181946129,0.9917011779292771,0.001489157216327505
1.3800000000000001,-1.969071175341941,0.005116353305608994,0.9916766532470427,0.0014843725164725105
1.385,-1.9680593737270098,0.005449280470337692,0.9913646314091195,0.0016025214931141456
1.3900000000000001,-1.967531188341779,0.005198601884494656,0.9912402066833426,0.0015108074046933713
1.395,-1.9668044015678745,0.0054620719360119665,0.9910683320579254,0.0015450239054698234
1.4000000000000001,-1.9658824566674962,0.005349723668996382,0.9907744739813479,0.001563736395984534
1.405,-1.9650440489108334,0.005562460328531915,0.9905827962462724,0.0015945400578154284
1.41,-1.9639687943062702,0.005622822242016338,0.9902059608851702,0.0016406557435033008
1.415,-1.963784917613749,0.005334659515033905,0.9902158427248003,0.0015276920641210906
1.42,-1.9630686133640913,0.0055540462345439814,0.9900207643056779,0.0016063987457861776
1.425,-1.9614086012335676,0.006157924773130083,0.9895043015289269,0.0018172531979665538
1.43,-1.961549269840655,0.0062547130798399,0.9895861174111653,0.0018065340651202905
1.435,-1.960643008127764,0.005612236640700708,0.9892808971559556,0.0016326130433160515
1.44,-1.9588144815166035,0.005866525919851309,0.9887538714918238,0.0016986652180257995
1.445,-1.9586526076300999,0.006317462370366437,0.9886966604403339,0.0018932587096316753
1.45,-1.9581579497442838,0.006573126258363145,0.9885680748358038,0.001951072044564618
1.455,-1.9553566688917998,0.00635341496046931,0.9877917599763888,0.001871663894622348
1.46,-1.9548357641680236,0.006468728265034071,0.9876372895495465,0.0019040391737872805
1.465,-1.955348827214593,0.006357868609562383,0.9877375890717885,0.0019129885965488498
1.47,-1.9536327232621054,0.006608728266896517,0.9873091031918886,0.0019254672700372627
1.475,-1.95265860919071,0.00645064582943613,0.9869912006922259,0.0019098849545652631
1.48,-1.9521268223686012,0.006474447802531701,0.9868346085832652,0.001946677705249022
1.485,-1.9509952360926974,0.006524936820426258,0.9865851982113456,0.0019247138050508996
1.49,-1.9511330236456685,0.006450363126140195,0.9864786173324868,0.0019273980562449116
1.495,-1.948907939594587,0.00672416703377749,0.9858732955959898,0.0020702425275588186
1.5,-1.9473896372387423,0.007091352491340202,0.985434568078548,0.002127646660115186
1.5050000000000001,-1.946202199324104,0.0072360601156525334,0.9850610932795423,0.0021857763092088893
1.51,-1.9457396263121414,0.007322621745056287,0.984939908905014,0.002179375535864603
1.5150000000000001,-1.9450576506893404,0.007326575841863854,0.9847637137119044,0.002238149309443916
1.52,-1.9439321464718664,0.006848355794219154,0.9844753761056854,0.0020857942273996063
1.5250000000000001,-1.9423621526406416,0.006921000248421201,0.9838946196979989,0.0021867567354468057
1.53,-1.9403178247839814,0.007711104906870354,0.9833001006028728,0.0023618261481086183
1.5350000000000001,-1.9398979810171781,0.00730734399682308,0.9831151432885149,0.002278689749592568
1.54,-1.938517065519427,0.007442414509226995,0.9828526105707134,0.002312835960086324
1.545,-1.9369765161204084,0.007440198719826249,0.9823559514640164,0.00230105268055769
1.55,-1.935764594134342,0.007679231895938758,0.9819600318736805,0.002350669805153835
1.555,-1.933368994345973,0.007667635519385895,0.9812456888064167,0.002334711861247029
1.56,-1.9330208457739597,0.0075151682649545965,0.98108429650255,0.0023313950659908825
1.565,-1.9321760360325162,0.007550662603615467,0.9809030998251538,0.0023489587100842296
1.57,-1.9321497110491588,0.006976119207868294,0.9809269450215917,0.002182069580299069
1.575,-1.9293847585063049,0.007765661280866674,0.9800044798951169,0.0024713507719495596
1.58,-1.9285497096663213,0.008041464585836768,0.9797912775027463,0.0025736956067000266
1.585,-1.927527985708264,0.008337867839749007,0.979465491892362,0.0027318332278084135
1.59,-1.9250320452502976,0.008402247976957418,0.9786039195339259,0.002638943142112118
1.595,-1.92477607386044,0.008213269056576955,0.9785713130389483,0.0027682224724802735
1.6,-1.9232755334979654,0.008115183018300276,0.9782086005805134,0.0025587556485007342
1.605,-1.922381834832161,0.00881866265344028,0.9779405467961878,0.0028428500646631733
1.61,-1.920155229819348,0.00854027428538552,0.977264811704578,0.002739224510452693
1.615,-1.9186345257265947,0.008452485581968988,0.9766923768993949,0.002748776291099567
1.62,-1.917625603091123,0.009135319349245868,0.9764547696779384,0.002901589268294925
1.625,-1.9172982587936427,0.009144021427166991,0.976437645963393,0.00288344685086677
1.6300000000000001,-1.9133149020598874,0.008730809288003244,0.9751578700807148,0.0028552803394396305
1.635,-1.910215962598457,0.009159677163349192,0.9739465487077251,0.0031334295820968526
1.6400000000000001,-1.9112381668514336,0.009485170830797852,0.9744734937106402,0.0031219923599312962
1.645,-1.908492098691154,0.009353341129955681,0.9734187634688993,0.0031909475927214886
1.6500000000000001,-1.907086297473232,0.010131749097779528,0.9731669927816625,0.0033000656443270006
1.655,-1.9049295460994207,0.00970396198970248,0.972416523147235,0.003243367010155318
1.6649999999999998,-1.901294500285517,0.009484687821509455,0.9713058217355408,0.0031554870448716184
1.6699999999999997,-1.901492539537647,0.009256943442428648,0.9713807567808003,0.003034677051727652
1.6749999999999996,-1.8995711145269367,0.009600968352003188,0.9706168437891184,0.003282896740082405
1.6799999999999995,-1.8950018806203792,0.009316190696074575,0.9691720750599437,0.0032485026249908775
1.6849999999999994,-1.8963292669262688,0.010163981032066033,0.969732587386141,0.0034513051634319472
1.6899999999999993,-1.8938408486960912,0.00981216278445168,0.9688787768664039,0.003386684536021705
1.6949999999999992,-1.8910323662575685,0.010339172812113082,0.9679678741467669,0.0035627377345512157
1.699999999999999,-1.8900452085341615,0.009937382718691986,0.967672895529099,0.003449663206159314
1.704999999999999,-1.8890322864139097,0.01135234565936372,0.9671465898423367,0.003850082103473872
1.7099999999999989,-1.8854175630057424,0.0104346362869896,0.9660585725705704,0.0036097047265433863
1.7149999999999987,-1.8839890367390038,0.010936978811885864,0.9656679341258418,0.0036537828311564453
1.7199999999999986,-1.880948908640447,0.01108295632166232,0.9645372672685744,0.003922570514647965
1.7249999999999985,-1.8802761344295378,0.010477041764201729,0.9644783363744817,0.0036601434437767365
1.7299999999999984,-1.880386717153993,0.010985952472736225,0.9642722946115674,0.003923375826008904
1.7349999999999983,-1.8769110615526732,0.011398742605631056,0.9631834363050283,0.003930969695842668
1.7399999999999982,-1.876659971615104,0.011549934527798653,0.963193918292726,0.004088279935421964
1.744999999999998,-1.8721023410719666,0.01099112600324842,0.9615497494320985,0.0039021840572777554
1.749999999999998,-1.8697022602161806,0.01080822918181078,0.9608792949733936,0.00385372314884777
1.754999999999998,-1.8682367673132938,0.010844280262755822,0.9604480488821611,0.0038351016756544244
1.7599999999999978,-1.8655921588732878,0.011774896971129581,0.9594778148716367,0.004282368264691829
1.7649999999999977,-1.8620545713633008,0.010882051880185397,0.9580921381801385,0.004012600119417387
1.7699999999999976,-1.8625589123151856,0.01143296931283797,0.9584178427358369,0.00428554881165217
1.7749999999999975,-1.8577905977265934,0.012132098534334331,0.9566249646742742,0.004347143743535804
1.7799999999999974,-1.8565994803966057,0.011039116519172967,0.9565202238369427,0.003996767616567444
1.7849999999999973,-1.8508224042088157,0.012288446128917871,0.9543163430263911,0.004302951396308497
1.7899999999999971,-1.852809521288222,0.010889358623208764,0.9549081016121017,0.003992686123378758
1.794999999999997,-1.8484796154234355,0.012360222208428728,0.9535839970909755,0.004525046152619308
1.799999999999997,-1.847925185417981,0.012536165681242151,0.9533581516222372,0.004722417445183351
1.8049999999999968,-1.8451691936507038,0.013639398509337135,0.9521702341280787,0.0051566607111820355
1.8099999999999967,-1.8451483897338703,0.012632583422444298,0.9525801159544309,0.004810931717581239
1.8149999999999966,-1.8414562104773249,0.011438519518298976,0.9508236851613983,0.004412330168849299
1.8199999999999965,-1.838982116773048,0.012544824766354224,0.9502161241192941,0.0045614739660122935
1.8249999999999964,-1.8341578722810907,0.012748524412209635,0.9483268659075252,0.005051450731151193
1.8299999999999963,-1.8281646727752532,0.013392634825597686,0.9460448892885839,0.005176736343966373
1.8349999999999962,-1.8285995607830139,0.013718969030870505,0.946004240745114,0.005495845126043207
1.839999999999996,-1.8252369685277006,0.013511469983272694,0.9448793757007131,0.0052632185704944556
1.844999999999996,-1.8246372477200823,0.013914525802430676,0.9451083817418086,0.005678939299802588
1.8499999999999959,-1.8218373281523141,0.012277111447589467,0.943765713289085,0.005054901208952812
1.8549999999999958,-1.819450130126886,0.012854196442065867,0.9432004796883945,0.0048886788742476305
1.8599999999999957,-1.8143000604152966,0.013623654083401543,0.940526224894866,0.005618547174776518
1.8649999999999956,-1.8088274454445714,0.013806721733360193,0.938867693496814,0.005596627119814928
1.8699999999999954,-1.8089290658672659,0.014066176166667568,0.9383521904394994,0.005929288312229694
1.8749999999999953,-1.8037857983584022,0.01427097249154867,0.9361789961842734,0.0062089169713343
1.8799999999999952,-1.8018610135486874,0.014265634363232993,0.9359281053541183,0.006073747559186839
1.8849999999999951,-1.7975454289189672,0.013848928261023593,0.93426781383651,0.005544747754398349
1.889999999999995,-1.7947022216418762,0.013458816417507902,0.9325919585553234,0.0061056704009587485
1.894999999999995,-1.793597680159773,0.015323151530960385,0.9325794359521166,0.0066773575025042275
1.8999999999999948,-1.793266974227098,0.01500120891914023,0.9323714347237657,0.00680508034175102
1.9049999999999947,-1.7859674333023725,0.01567485164516733,0.9298343672039843,0.006810339665643477
1.9099999999999946,-1.7891270257301581,0.014834220744258912,0.9316085618742707,0.006420235498584533
1.9149999999999945,-1.7773069020008225,0.015540120404774387,0.9267326667681292,0.006897550111652326
1.9199999999999944,-1.777474375456947,0.015822793245827967,0.9262979793462736,0.007283833118162468
1.9249999999999943,-1.7754852565724173,0.014974417279238273,0.9253506297754226,0.006253264868698593
1.9299999999999942,-1.7684597718904056,0.016572014577223262,0.9216395279816996,0.007630480230765905
1.934999999999994,-1.7643247049649875,0.017258305676818124,0.9210618122932219,0.0073193466093977744
1.939999999999994,-1.7650465313304207,0.016664842686730477,0.921870614283322,0.0076923818906938154
1.9449999999999938,-1.756607881973543,0.017414108386967185,0.9182234447845151,0.008170167154935983
1.9499999999999937,-1.7556881779407258,0.01707639135757297,0.9179039407572905,0.007963798459779271
1.9549999999999936,-1.7528040811857668,0.015766586691834835,0.91608469748311,0.007128147447174722
1.9599999999999935,-1.747881975310353,0.016337599390385312,0.9139506704427166,0.007842299069046264
1.9649999999999934,-1.7425833961491013,0.01744936002912032,0.910982076609986,0.008590813371145326
1.9699999999999933,-1.7396560898063707,0.017867600734502078,0.910498339573272,0.008498469100672612
1.9749999999999932,-1.735364272847703,0.01874637079151356,0.9081208246973759,0.009873557690411802
1.979999999999993,-1.731136787197642,0.018992500219178678,0.906312062683571,0.009524319693858984
1.984999999999993,-1.724443688443194,0.018613354304626593,0.9032354069056571,0.009057648677538695
1.9899999999999929,-1.7186188428348053,0.02051479096740949,0.8996219647052313,0.01070382732032767
1.9949999999999928,-1.7222763751120205,0.01858743361510807,0.9025561514676249,0.010410032433464332
1.9999999999999927,-1.7159495089716568,0.019530335783178764,0.8989331467816009,0.010484439622443692
2.004999999999993,-1.7159913582762711,0.01644122579017901,0.8993021406324226,0.008770574313694567
2.0099999999999927,-1.710218363200266,0.018196026731469986,0.8979455091686672,0.00870276283889535
2.0149999999999926,-1.7034138826685779,0.019896279687316262,0.8944073217610021,0.010974554016186806
2.0199999999999925,-1.7040054412287793,0.020294374042740475,0.8938545714404302,0.01052968726041883
2.0249999999999924,-1.6944135216909257,0.018223535109387488,0.8873280257815288,0.010388803385690547
2.0299999999999923,-1.6921692334501524,0.019099926385867733,0.8885944793047392,0.010222935597778364
2.034999999999992,-1.6869547503737121,0.017488813158920626,0.8867906782478779,0.009696273534359957
2.039999999999992,-1.6652246439879026,0.022092027883889285,0.8664926183202263,0.017597112314724953
2.044999999999992,-1.6803158235731162,0.020501087194522653,0.8834310464678728,0.01135569733523649
2.049999999999992,-1.6695185428763608,0.017326235043410017,0.8772830572646244,0.009472381236134968
2.0549999999999917,-1.668334066665132,0.01771126151728824,0.8784511305136927,0.00888074674076381
2.0599999999999916,-1.6576489690638323,0.020654480908416935,0.8670442486958734,0.0139460906612264
2.0649999999999915,-1.6521106627398097,0.018067329483658436,0.8667387077392972,0.01098487998403168
2.0699999999999914,-1.6552884169019777,0.01865172916712566,0.8722970595024042,0.010142203662764155
2.0749999999999913,-1.6444042406456068,0.02229611000728131,0.8627155032198914,0.014234423890937821
2.079999999999991,-1.635827964748185,0.02063698459430656,0.8573806759094472,0.014175577298850307
2.084999999999991,-1.6298093215110994,0.018185900571857053,0.8520796954762961,0.012043817834410078
2.089999999999991,-1.627402921346789,0.02076754026772917,0.8542983791164742,0.013841069385187907
2.094999999999991,-1.625858132279761,0.021859082976121196,0.8535151828477611,0.012624130354629061
2.0999999999999908,-1.6263923981018509,0.02402202367278815,0.8561889178444324,0.01566262862895639
2.1049999999999907,-1.6036780959106631,0.021842784403017918,0.8366475294150932,0.01754123348116914
2.1099999999999905,-1.6100051213703435,0.023082065655789644,0.8433094618558454,0.017158717835290792
2.1149999999999904,-1.6048418480674131,0.0193708808732299,0.8409278652600751,0.012547246437373713
2.1199999999999903,-1.5948487298444263,0.021980490986790426,0.8330148834065214,0.016366050098504874
2.1249999999999902,-1.5892724937905214,0.02181360285745195,0.830150430203438,0.018781818111684792
2.12999999999999,-1.5758298864171942,0.020427761423202382,0.8146807760876592,0.013963944079899258
2.13499999999999,-1.575022284854386,0.021388205620826467,0.8223328668967703,0.015321864594462362
2.13999999999999,-1.5649057808912474,0.02182874245067957,0.8149180639908538,0.0172787188727073
2.14499999999999,-1.5680322468960421,0.025068507510856982,0.8190387676157553,0.019477975841289175
2.1499999999999897,-1.560740148098284,0.02535441322058755,0.8134934985415891,0.019942332858401426
2.1549999999999896,-1.5450829376003985,0.0223294713922108,0.7997975596119629,0.018115643467521918
2.1599999999999895,-1.5287160633992949,0.027989484627110494,0.7730104020414984,0.03206671006995211
2.1649999999999894,-1.5256967403145165,0.025358171479500712,0.7818528503912834,0.02110026344729856
2.1699999999999893,-1.5164567310348895,0.02761667174085727,0.7703702738700473,0.02384795982052931
2.174999999999989,-1.5230961386550306,0.022751994277956496,0.7841307463992188,0.019767292225237522
2.179999999999989,-1.5150630124737487,0.026406063423504347,0.7829090218874044,0.019314100977243842
2.184999999999989,-1.4876149622147787,0.030898024598796137,0.7420966593139909,0.029867267660999394
2.189999999999989,-1.4989317857067355,0.02054259364567259,0.7653487896676014,0.017650546718399683
2.1949999999999887,-1.495345148879973,0.02651494345646262,0.7710544108080611,0.025623253307513708
2.1999999999999886,-1.4648752943662005,0.023378731253541667,0.718845449070569,0.020888189016409077
2.2049999999999885,-1.4704892978736892,0.03462741080686747,0.7169733944595468,0.04895368249361144
2.2099999999999884,-1.4559122228364894,0.034539933102942726,0.7240111222742176,0.04045375448619463
2.2149999999999883,-1.4575423884329783,0.030849289953953696,0.7294757742360964,0.03305990923209915
2.219999999999988,-1.4317434686831318,0.027483839454644124,0.6787409480034434,0.04639000263961542
2.224999999999988,-1.4031540704598593,0.029204413978779882,0.5615286255781831,0.08428378152871559
2.229999999999988,-1.3634917390515837,0.029626391819156665,0.4358032807979042,0.09428598859620181
2.234999999999988,-1.3847849567214545,0.029795285153367528,0.5391179839177808,0.047866595789731126
2.239999999999988,-1.3561661938567904,0.026027431788018085,0.47274198839010584,0.05318382684742865
2.2449999999999877,-1.3149195442821626,0.024951376193489447,-0.034593638779017166,0.09214189433849757
2.2499999999999876,-1.3621289057597132,0.02777223919771734,0.5705457091104938,0.05530487171332945
2.2549999999999875,-1.3240376076809905,0.03180443715009871,0.23079667924183278,0.08601759974742154
2.2599999999999874,-1.329743469588922,0.023043428687885226,0.3971072614467199,0.09632568628571822
2.2649999999999872,-1.3097089015858057,0.0243479631299644,0.2882220845451162,0.05172527777980487
2.269999999999987,-1.3084990599794992,0.023092941907940187,0.1789955591682697,0.04206392421875023
2.274999999999987,-1.294488657663097,0.03172633209165342,-0.4040142427470403,0.091085111263963
2.279999999999987,-1.2682694145907734,0.02250447735802592,-0.2618066812260887,0.08289313186558059
2.284999999999987,-1.280692779104527,0.031626564266288626,-0.23254390892254684,0.04421523570460995
2.2899999999999867,-1.2349671523650663,0.033074840802564516,0.20935623128072192,0.0472717952942268
2.2949999999999866,-1.2487842364653656,0.0261813870196702,0.06707049428207534,0.047740148500767056
2.2999999999999865,-1.2433312266176761,0.027816556162261846,0.22551198230967281,0.037510054234639705
2.3049999999999864,-1.242374315026236,0.029489729054814076,-0.19568525718990434,0.048409184800021945
2.3099999999999863,-1.2382325266904652,0.026218127277065205,-0.1422922184637906,0.0628616746908403
2.314999999999986,-1.224155390875462,0.022941116679877437,0.24930690154120264,0.04354589471754928
2.319999999999986,-1.2061427478719697,0.02646330802547192,0.028219043837387277,0.09048461224575526
2.324999999999986,-1.2155140628097392,0.024000768923923343,-0.19148881793189523,0.10637509870931763
2.329999999999986,-1.2077441089128012,0.02323569983656614,-0.08851474302358112,0.08648026807043839
2.3349999999999858,-1.193279614732799,0.02773593692966713,-0.30135979201584295,0.09304399838786663
2.3399999999999856,-1.1754698134060024,0.02208096616466103,0.07577147439427467,0.08894192097204823
2.3449999999999855,-1.1831368666263693,0.03032681242809866,0.16789205843341676,0.052920554388165335
2.3499999999999854,-1.1684423283019718,0.029090558364843665,0.19051362260629126,0.07807918921280649
2.3549999999999853,-1.1542285252246982,0.02373813061888568,-0.011578915839647149,0.062219622204152135
2.359999999999985,-1.1705032200974497,0.027080897235180812,0.16601968396423006,0.04736089969258133
2.364999999999985,-1.150182595704169,0.02711865178885198,0.005141068249317926,0.048475045311663974
2.369999999999985,-1.143888137225605,0.0245352324001268,0.07785509109405166,0.053689637755931864
2.374999999999985,-1.1430993404214824,0.02714534701309815,-0.17027577536956004,0.06584556394379794
2.379999999999985,-1.1272622533597143,0.021798943659062413,0.10291682347627829,0.06561480451196906
2.3849999999999847,-1.1187040601212588,0.02437902972878495,-0.02124300863744826,0.08824613868321186
2.3899999999999846,-1.1190617328931103,0.024660473977467543,-0.010322704576136231,0.04848291369645592
2.3949999999999845,-1.1240355273346159,0.02619636697497945,-0.11728033614201443,0.06076802728516436
2.3999999999999844,-1.1180804160910383,0.024612614991654378,0.014936267291057827,0.0469522383534215
2.4049999999999843,-1.1151447883246541,0.023283662927942577,0.0038603320320144624,0.051473275043489614
2.409999999999984,-1.1024525699722312,0.028396362354102693,-0.040983996887143104,0.07892521876801242
2.414999999999984,-1.088841368637459,0.018831744932770803,0.007115663146446033,0.031219715116539676
2.419999999999984,-1.0869004207268838,0.021515878492636392,0.07010302069149194,0.06169220535932781
2.424999999999984,-1.078872334148722,0.020661338877703748,-0.0330252450882473,0.05115794075201895
2.4299999999999837,-1.0792403279912308,0.025446170114343646,0.041007481533743735,0.04869916769547185
2.4349999999999836,-1.0714490907410188,0.024871242773614348,0.035145269109454084,0.05561949534683466
2.4399999999999835,-1.0709881180881333,0.022737456143022545,0.02944192842871917,0.05924006524657644
2.4449999999999834,-1.075131747049674,0.023982445665069373,-0.07882960614531362,0.05148752536878247
2.4499999999999833,-1.0585985995097311,0.024526937339646542,-0.014200320094507706,0.0386895041920055
2.454999999999983,-1.0608865772397262,0.023622912829984154,0.005840928231071133,0.05780345053026221
2.459999999999983,-1.0548588120715574,0.02390511798719592,-0.0804012003704801,0.04543689361477391
2.464999999999983,-1.0468273659686276,0.02227361157796789,-0.02174122826870363,0.043523043324743514
2.469999999999983,-1.0438290063346187,0.024393294754053375,-0.0002856971629358069,0.05105072221285159
2.4749999999999828,-1.0429554713871698,0.02026778562228445,-0.061813602846112196,0.042434514957553314
2.4799999999999827,-1.0338534904756793,0.0224454705778713,-0.034628445720105275,0.06580263513688243
2.4849999999999826,-1.0323411872277715,0.02605196898677894,-0.05596599330393323,0.06657357067378576
2.4899999999999824,-1.0313223448484559,0.023436954454133643,0.02646273256135936,0.05862034394666606
2.4949999999999823,-1.0292445682100975,0.02024404945702479,0.003963792789847964,0.04230385576237912
2.4999999999999822,-1.0142882983668802,0.01857973094305759,-0.0010446089026581742,0.05625768403322129
2.504999999999982,-1.0170733343484188,0.021999606339184196,-0.05089785964057514,0.058798678864691145
2.509999999999982,-1.0212463293463785,0.023074647996059763,0.05763744756034792,0.05215329163778892
2.514999999999982,-0.9983461488602423,0.021143704487890904,0.008200440111332735,0.04017310871599038
2.519999999999982,-0.9985029795427851,0.021146228030753635,0.029891018241986443,0.05643351565533733
2.5249999999999817,-0.9995428682637467,0.022422717109266924,-0.007385757147414463,0.04629692317194458
2.5299999999999816,-0.9978904582829827,0.021131772371724682,0.027344588994840994,0.03436817541828357
2.5349999999999815,-0.9894834161520147,0.0235858785848943,-0.03804904985222426,0.07993416336324063
2.5399999999999814,-0.988494179133869,0.02358241598952673,0.009945029041336515,0.05148920967724375
2.5449999999999813,-0.9777607512989147,0.019530102121825745,-0.008552630535391242,0.06374238953495612
2.549999999999981,-0.9769452283753947,0.02460470550476952,0.022633006662167568,0.03529290712309167
2.554999999999981,-0.9787427079179187,0.021156971498759274,0.011616923408256546,0.05078641382500049
2.559999999999981,-0.9670413272527247,0.021661255758671404,-0.007376275258715147,0.041437921887062544
2.564999999999981,-0.9634466083628294,0.021729390710160446,-0.0021175834868078767,0.0462822500095698
2.5699999999999807,-0.9704213633397074,0.022203045434680546,0.04658839777040921,0.06053515960066669
2.5749999999999806,-0.9607171824775378,0.01963492889415036,-0.01629165836153193,0.04404941575146682
2.5799999999999805,-0.9558220435009167,0.02249593171175046,0.01642804569333338,0.04780729422766085
2.5849999999999804,-0.9490275648408567,0.0211456044175367,0.00428509704793657,0.03829980454189014
2.5899999999999803,-0.9483304654843665,0.021048287544539464,-0.010629325845646,0.052213348889493326
2.59499999999998,-0.9458667726534847,0.022403860664020798,0.03915331072854387,0.054197376826079266
2.59999999999998,-0.9443194236867927,0.02096742497094776,-0.005418163647347583,0.03575274330616214
2.60499999999998,-0.9402309265177735,0.021798683069824736,0.01563944793844354,0.03613081834523274
2.60999999999998,-0.9344666530475971,0.021036274531290634,-0.025315463149588234,0.04165196110650606
2.61499999999998,-0.9336385670292972,0.02230729900339491,0.010801400307289828,0.04015639355446511
2.6199999999999797,-0.9325892376432325,0.020993087156667613,-0.00023740746957506758,0.045771234518448535
2.6249999999999796,-0.9221554710092867,0.02345273884013248,-0.0004062412816254127,0.052599275759654625
2.6299999999999795,-0.9255658329952047,0.02103578678703551,-0.0039757951659453485,0.04311463089636664
2.6349999999999794,-0.9118641324104322,0.021407520545717748,-0.011652890557689786,0.05214696785796406
2.6399999999999793,-0.9126563711651899,0.020342650674853194,-0.0007522304231943179,0.03436708225405751
2.644999999999979,-0.9131679132500274,0.022274573257614824,0.00509797961461453,0.030947164402502517
2.649999999999979,-0.9075939987249007,0.021132099101621706,0.02853922788836626,0.040492512846894944
2.654999999999979,-0.9020590521044959,0.022543962528739473,-0.00043940787531978465,0.05275240633780558
2.659999999999979,-0.9028183236124993,0.02076737921318585,-0.018361232286840036,0.03959476929397661
2.6649999999999787,-0.8979883973992904,0.02132288000115092,-0.004949829953371454,0.04618345089472729
2.6699999999999786,-0.8981462688440321,0.020964567445692077,-0.00659039809828623,0.04806248431824206
2.6749999999999785,-0.8943865575726496,0.02148262516366251,-0.02464180840271078,0.0430139242675638
2.6799999999999784,-0.8908996999585693,0.023155766068109557,-0.024980916243173463,0.051536640937482614
2.6849999999999783,-0.8891858367067167,0.020663796778741896,-0.00261132229224171,0.052202040525870824
2.689999999999978,-0.8846394075444041,0.018833525843094195,0.0024396479312075903,0.02480295411168657
2.694999999999978,-0.8849003398196653,0.018879824761828624,-0.0011893978896626752,0.03828173274361367
2.699999999999978,-0.87791670315455,0.019548184849004252,0.007600160021459406,0.036243057132045974
2.704999999999978,-0.8757824366582492,0.0210480097701573,-0.0022273254588247838,0.03502814575010105
2.7099999999999778,-0.8762774953104825,0.020044501712888144,0.0014287657443006949,0.03653543432751484
2.7149999999999777,-0.8719437486959901,0.021120170773216842,-0.0012550910412002336,0.035413762010561047
2.7199999999999775,-0.8660644933351829,0.02204031069890952,0.015708901843163068,0.05000777111611686
2.7249999999999774,-0.8693032208789132,0.02106274681167185,-0.03204997000642833,0.04827115310503248
2.7299999999999773,-0.8590363673411219,0.020642873833468946,-0.029431126282459828,0.04143703477962067
2.7349999999999772,-0.8596915386991277,0.01874116008187862,-0.0005404680781401761,0.038617516724611126
2.739999999999977,-0.8587099817615196,0.019639594416973605,0.017226605388234652,0.04350286358606433
2.744999999999977,-0.8536688137660148,0.019058451701926396,-0.004950910186340835,0.03370207549131553
2.749999999999977,-0.8541515503174831,0.01987268648868148,-0.009607321496919329,0.03650554670154727
2.754999999999977,-0.8500053612655056,0.01992998979399744,-0.004839887980518636,0.030113432896485746
2.7599999999999767,-0.849009482127043,0.019578476537678212,0.0020011202049597943,0.0351865653033243
2.7649999999999766,-0.8434230850133497,0.021653111944573512,0.009010602150161388,0.040588379733372676
2.7699999999999765,-0.8389582717554597,0.021278618898548225,-0.00039139827144800594,0.035509962347890854
2.7749999999999764,-0.8400469693238078,0.020513908140565695,-0.009457011410560866,0.04524272782456754
2.7799999999999763,-0.8357776350726078,0.02091524556843268,0.010999039828613229,0.0393324322740209
2.784999999999976,-0.8329411486573972,0.020793766842588518,0.005646969425617347,0.029710912657559478
2.789999999999976,-0.8308124829945885,0.01895060330306429,-0.015378635757885627,0.04273335758945039
2.794999999999976,-0.8308344073690493,0.019427195161442982,-0.006569513911274823,0.036271036171603065
2.799999999999976,-0.8225629129608194,0.020326330250930363,-0.010203320695710656,0.03397523499694319
2.8049999999999757,-0.8285128227184476,0.02059469359709694,0.007912182457422937,0.032467764386601795
2.8099999999999756,-0.8219550313842752,0.01896181388476586,0.01438059616213843,0.03495942937093113
2.8149999999999755,-0.8191264658289973,0.020416433406900036,-0.02441452296693765,0.02727895638251224
2.8199999999999754,-0.8150979800089809,0.020204331923680523,0.009457571521200967,0.031191995472248615
2.8249999999999753,-0.8146737347032623,0.020093564448705366,-0.011139667954598125,0.03333309310698654
2.829999999999975,-0.8123189443515573,0.02199000960489696,-0.00021352271023473757,0.03632633269503412
2.834999999999975,-0.8093737948534607,0.01918390693817583,-0.004666933411103594,0.031068675825659087
2.839999999999975,-0.8104586524351951,0.019814972257130217,-0.007350550115113241,0.033008743348169604
2.844999999999975,-0.8026190841882366,0.019622635978092124,0.012472214441324896,0.03997229144770499
2.8499999999999748,-0.8041805964657058,0.020429359499085652,0.007158031615661713,0.03121070435587595
2.8549999999999747,-0.799304501369825,0.019100537940028722,0.01790006001323244,0.030986157130387278
2.8599999999999746,-0.8009516301811349,0.01965993318219836,-0.0012272454471529781,0.03337084801599337
2.8649999999999745,-0.7973033809905101,0.019089923783825728,-0.012912822582601981,0.03362906678315412
2.8699999999999743,-0.7885443494543597,0.020979111396160214,0.00971934387612676,0.028008450602063358
2.8749999999999742,-0.7911247050888564,0.019869211822179142,-0.0007049009825908414,0.029886225179894817
2.879999999999974,-0.7859188643759025,0.019413085763733632,-0.00969285859553132,0.03009683007494085
2.884999999999974,-0.7867546314882217,0.020099935363307005,0.0033237447456157614,0.03829501300607187
2.889999999999974,-0.783378035670687,0.019921242615633328,0.001326425239765103,0.03579747185750783
2.894999999999974,-0.7866221249139316,0.019151766694296742,0.013026725379065124,0.03242731165566346
2.8999999999999737,-0.7816789762619425,0.02085950852387944,-0.0016217243511835793,0.031688509793432657
2.9049999999999736,-0.7781909184590367,0.020190674629283076,-0.009089417933248354,0.038736750311903725
2.9099999999999735,-0.7734286062692161,0.019981825384094133,6.801359506982884e-05,0.030833310513228126
2.9149999999999734,-0.7752887383297125,0.02038950727092827,-0.0027178235638222153,0.03169526920437133
2.9199999999999733,-0.7717372281094936,0.017607538891304057,0.005576035211485563,0.028485876589721675
2.924999999999973,-0.7685217843768263,0.01967871961687571,-0.0006936187223870561,0.027241848998271728
2.929999999999973,-0.7655021403999085,0.018723489278580415,0.01014470897498657,0.034217604331881916
2.934999999999973,-0.766198680099904,0.019049703589045234,0.01054806965439704,0.031110079335139082
2.939999999999973,-0.7624880974234093,0.017975535946766066,0.004588597729432276,0.024380803225143344
2.9449999999999728,-0.7604459295823207,0.020166550226428884,-0.007726065207762602,0.029335622017010416
2.9499999999999726,-0.7593045010641113,0.01919226289360633,0.0017287057441460441,0.027360677234819334
2.9549999999999725,-0.7558392480054505,0.01827483589725534,0.010152430515505326,0.02854614746706774
2.9599999999999724,-0.7562776557873144,0.018127175197283737,0.0065751550615045845,0.029666997098851414
2.9649999999999723,-0.7527375078530377,0.019630250814854783,0.0034989397888375087,0.0271302519408274
2.969999999999972,-0.7520604919829257,0.019333994279394747,0.0015066213303142533,0.02836278689072301
2.974999999999972,-0.7461939585235124,0.019516259974753095,-0.007289377893776957,0.02758802777716448
2.979999999999972,-0.749422924605387,0.01943629806033257,0.009432246471595056,0.03497727440196511
2.984999999999972,-0.7476127229230025,0.020998937817526046,-0.003835807180958613,0.028947273974419752
2.989999999999972,-0.7435715144504235,0.020306838580560812,-0.002806361274160132,0.02778251814459838
2.9949999999999717,-0.7405725943729815,0.018265783208904086,-0.0032760952281469234,0.030783394383262958
2.9999999999999716,-0.7397053808444832,0.019256756176833884,0.008124424910151301,0.028130167756191368
3.0049999999999715,-0.7396152028443218,0.019529755728096974,0.0013473894862675105,0.026523916962212884
3.0099999999999714,-0.732179635606973,0.01888230486871027,-0.006388077613938305,0.02377474113766872
3.0149999999999713,-0.7362817360606521,0.020038105181421365,-0.003992518498935112,0.029422919365145142
3.019999999999971,-0.734406801087066,0.01952405883846395,0.00017559512239219676,0.030259879893015186
3.024999999999971,-0.7316633723430286,0.01835180113709818,0.0015592718746638742,0.02610278714233375
3.029999999999971,-0.7275132623689846,0.019631746151107545,-0.0043700740097155945,0.022929079176640454
3.034999999999971,-0.725149509608209,0.01888842485605779,0.0018158431722917435,0.02757732166802943
3.0399999999999707,-0.7234255642885207,0.019243442597923977,0.005286137238598869,0.024582826866727157
3.0449999999999706,-0.7223605518461251,0.018054831512732888,-0.00458323665130428,0.031096384731898064
3.0499999999999705,-0.7209551503453691,0.020016331602000004,-0.0008830566068527731,0.02636218480127622
3.0549999999999704,-0.7199990392613588,0.019431811783226758,-0.0009389477778254502,0.022859090807138934
3.0599999999999703,-0.7179640719212873,0.018854036436648406,-0.005571594321996652,0.02412138528301705
3.06499999999997,-0.7163975994261199,0.018315036941384484,0.008956751364999384,0.0271475471381889
3.06999999999997,-0.7152248845264467,0.01873694104013414,-0.000430486100357837,0.027576904324567292
3.07499999999997,-0.7094026000100533,0.017830349327999928,-0.006293338689870697,0.026919710761812318
3.07999999999997,-0.7104791356196616,0.01879585794073649,-0.0015027405396119927,0.02593369221909698
3.0849999999999698,-0.7090682929743526,0.01882439131708235,-0.01001236250205848,0.02816313980478389
3.0899999999999697,-0.7069227432556022,0.018620657614611787,-0.005087457517867862,0.02878062634913411
3.0949999999999696,-0.7023573508499192,0.018908384559816655,0.011565633149751146,0.026404408950641833
3.0999999999999694,-0.702718303272261,0.01875314704373734,0.008578235654260727,0.02959199259614222
3.1049999999999693,-0.7009365064760618,0.01792300482031505,-0.0005149430112048252,0.03127316432477931
3.1099999999999692,-0.6991871167216498,0.01814847606725076,-0.007148909793547487,0.02902611514681659
3.114999999999969,-0.6979111820656101,0.018852662471452425,-0.0013713142508401022,0.029926709515947624
3.119999999999969,-0.694471133854609,0.01904348648764795,0.004579595943505119,0.02857730077272573
3.124999999999969,-0.6979669530192812,0.017632059787912675,-0.002985877181134086,0.027229809393012696
3.129999999999969,-0.6935935979915824,0.017924544611972668,-0.0047426685396098015,0.029511853386479985
3.1349999999999687,-0.6925566708667203,0.017546226366983,-0.0023102220389079817,0.025419976003666873
3.1399999999999686,-0.6878996597072748,0.01883407160203735,-0.011614122857096626,0.029712202896375405
3.1449999999999685,-0.6876403278268607,0.01866927611323309,0.00039067812843876455,0.03292622713667804
3.1499999999999684,-0.6852279251683925,0.017738225505369114,0.0032994999200483908,0.02571386119571108
3.1549999999999683,-0.684433686456625,0.01892559234716446,-0.0010608521533951732,0.027840530174224304
3.159999999999968,-0.6840049605842685,0.0182559738489034,0.0014667333547132065,0.027706423934225264
3.164999999999968,-0.6800560909739779,0.017931034059335094,-0.0025407081458726994,0.026996812781943234
3.169999999999968,-0.6781597115393042,0.019148895998427434,-0.0006102020332718666,0.02540166852206512
3.174999999999968,-0.679809161688619,0.017603641240689815,0.008675615111540037,0.026723675743149496
3.1799999999999677,-0.6785122621510119,0.018354837197053418,0.0009470294049887581,0.02777813735807909
3.1849999999999676,-0.6741387470885977,0.017130581889429706,0.0021539907953013527,0.023400468261819626
3.1899999999999675,-0.6740825760004449,0.01797960413894524,0.003258011618249601,0.022024774619339094
3.1949999999999674,-0.6752104016274637,0.017152488016189894,0.0020237247405958812,0.02958713585587584
3.1999999999999673,-0.6718369273930508,0.017554763023589843,0.005044008807849392,0.023473921524890973
3.204999999999967,-0.6647908783454994,0.018728570382473053,0.0016357671551929286,0.028455411492892956
3.209999999999967,-0.6680780155202297,0.017721249090160297,0.005846049220820504,0.02521182059518695
3.214999999999967,-0.6664078414595158,0.018130616102800534,0.0006810561988782566,0.03172282629735251
3.219999999999967,-0.6619918381101872,0.017925377827778782,0.00295935187369829,0.025519627762566215
3.224999999999967,-0.6621353066690112,0.01735925919027043,0.00040100021029538044,0.02579366033458858
3.2299999999999667,-0.662123305174226,0.01840303667216862,-0.0009054610890372524,0.021936633611378653
3.2349999999999666,-0.6643475891590405,0.019065628742145332,0.007599639947842218,0.02511383027941725
3.2399999999999665,-0.6596963389274191,0.019937703151958266,0.009673494706307031,0.026268775601860358
3.2449999999999664,-0.6575735143528721,0.018777113567877153,-0.004649449894638004,0.02535092605320166
3.2499999999999662,-0.6547897572540288,0.018547461906897544,0.0006928985802511044,0.024288276973413032
3.254999999999966,-0.6560976990916104,0.018955413926669964,-0.005046569329385609,0.024635069523677815
3.259999999999966,-0.6525401878438012,0.017948367858351615,0.0012607721461424552,0.02678012266711299
3.264999999999966,-0.6544496099408519,0.018439791932160454,0.0004329665916786306,0.02155301848086033
3.269999999999966,-0.6498600519354474,0.019287681459319313,-0.006328585738180574,0.025880706194743013
3.2749999999999657,-0.6489296256243933,0.017433160415300752,8.873775059120776e-05,0.027937389837204715
3.2799999999999656,-0.6432216042374391,0.017952135253028037,-0.0009228645662343182,0.02742470849234489
3.2849999999999655,-0.6448175233706257,0.018123782642894146,0.005855691147888459,0.023668198272742632
3.2899999999999654,-0.6429233844815838,0.016807247588929285,-0.01122332468794133,0.023545198548291367
3.2949999999999653,-0.6428613728774883,0.017845494794176794,0.0034524104954637767,0.02209255311628413
3.299999999999965,-0.6390204442980576,0.01825458110688911,-0.004541948393353823,0.022309583402373125
3.304999999999965,-0.63987829552147,0.018255036778260222,-0.0024508901836203753,0.023454502216222816
3.309999999999965,-0.6387034208208447,0.01736077375301813,-0.0005140228146100718,0.024966770730789244
3.314999999999965,-0.6392408083095196,0.01785389762653408,-0.008261852396353927,0.025065552346005927
3.3199999999999648,-0.6359652731747216,0.017098897006468605,0.004330586121042719,0.02432736774098019
3.3249999999999647,-0.6340432084305426,0.018116263606750956,0.005038407697594263,0.023839528196193727
3.33,-0.6350759750701208,0.01853820724778448,-0.0013607521506193965,0.02568150482170172
3.335,-0.6325449889768336,0.016905146574729375,-0.002626165236904933,0.024468206310691347
3.34,-0.6300823366696846,0.016666781685028147,0.005767033425201368,0.02453614724970109
3.3449999999999998,-0.628263252500201,0.016783251590083252,0.004516223247821947,0.025330922223876867
3.3499999999999996,-0.6267402278921513,0.01692126023771001,-0.001762472490632551,0.02417920629255358
3.3549999999999995,-0.6282526107043308,0.018426910165244146,0.001363432685730304,0.026335499458661087
3.3599999999999994,-0.6252696139022192,0.01686077910510444,0.008633886797260218,0.022763176571056212
3.3649999999999993,-0.6260942587448993,0.018249498867250073,-0.0010328065614287941,0.024579647802373737
3.369999999999999,-0.6234140425687982,0.01659692231931478,-0.004815323077794807,0.024432276272474695
3.374999999999999,-0.6209213843844513,0.017639101134171588,0.001638447697263954,0.02412307585433226
3.379999999999999,-0.6224932985249508,0.01718327893034509,0.0002957791524432405,0.024866713935762823
3.384999999999999,-0.6187012598237459,0.0178534010493668,0.0031696739340351505,0.02598625565416295
3.389999999999999,-0.6177643530844307,0.017508006579447455,-0.0013013802872457719,0.02506352926147087
3.3949999999999987,-0.6163847967967389,0.018041654027210086,0.004656771358981695,0.02441465237708293
3.3999999999999986,-0.6162080414344321,0.017946794847022027,-0.004846009218162304,0.023699460133745416
3.4049999999999985,-0.6112673736663073,0.017712177816599728,0.009054930995462604,0.023283909242452713
3.4099999999999984,-0.6097863573006426,0.01861798723145792,0.0047751550444721635,0.022883841932244946
3.4149999999999983,-0.6114602921175513,0.01774398904028249,-0.0018242448501653902,0.023680237085923858
3.419999999999998,-0.6077258652223304,0.018517865009525545,-0.0010158031590444627,0.0254076220057732
3.424999999999998,-0.6096672134700836,0.01759511895486451,-0.0015899579998943517,0.022603668003944796
3.429999999999998,-0.6049269851409667,0.016577582012695866,0.006043288672346762,0.024032261143110103
3.434999999999998,-0.6052196040156365,0.017812959167738993,-0.0029126225420041474,0.025543360756632976
3.4399999999999977,-0.6033568314657995,0.017233897565708707,0.00021692338210213308,0.019777639558707392
3.4449999999999976,-0.6053628324150777,0.01806708950037003,-0.003908141649954473,0.02636534398095712
3.4499999999999975,-0.6018342874865218,0.019382420592253632,0.0047918383978432484,0.024845173396347002
3.4549999999999974,-0.6020220044995098,0.0171178242439031,-0.0016406081283642853,0.022930818188684574
3.4599999999999973,-0.5993389077104552,0.017497083131389268,-0.0022806161358239173,0.02392302102202869
3.464999999999997,-0.5980102423430205,0.017211966106023324,0.0007957591442769702,0.019708034941005863
3.469999999999997,-0.5955055820557994,0.017718238640151422,0.004068853781770445,0.022683382139648763
3.474999999999997,-0.5968319267767814,0.017743235953596708,-0.0013299860011060437,0.02205513824958176
3.479999999999997,-0.5964117623801517,0.01735295906695519,-0.0028868173630838966,0.021429832875141726
3.4849999999999968,-0.5952134425102603,0.017594350659168777,0.011128705775084709,0.023209907321790704
3.4899999999999967,-0.592311262834022,0.017498131071390047,-0.0007030606218323985,0.02263930319866591
3.4949999999999966,-0.5923651130372559,0.017392307580096404,0.004879855980000845,0.022678828449865004
3.4999999999999964,-0.5873833171342177,0.017380974446249236,0.001016083224701351,0.02270026793055431
3.5049999999999963,-0.5885673933898146,0.017278834058518353,-0.0011806761286039613,0.024521998230716217
3.5099999999999962,-0.5892156035477076,0.01742277009451102,-0.0037552310587820313,0.022883393131446248
3.514999999999996,-0.5864178433516523,0.017588230805061802,-0.005981556314806281,0.02537987867952401
3.519999999999996,-0.5848863373686968,0.017819098395239364,0.004428245650869172,0.020541129648236952
3.524999999999996,-0.5822142025403295,0.017745730728857188,0.0016505701180484272,0.022528633706938653
3.529999999999996,-0.5825001803439339,0.017239199617920545,-0.003248169643289982,0.02284477871653091
3.5349999999999957,-0.581932306790452,0.018452197514739616,-0.0015982796593769168,0.01773284729376486
3.5399999999999956,-0.5841377878050776,0.016083454134368097,-0.0009604720918449198,0.023649929874607588
3.5449999999999955,-0.5790556511251324,0.017603543017453142,-0.002507621545217813,0.02206569702349217
3.5499999999999954,-0.5779502299409505,0.017655509114014308,-0.0020306461463874895,0.024916408672764036
3.5549999999999953,-0.5769497102130577,0.01751961581946505,0.0032620524141209425,0.022614446620505938
3.559999999999995,-0.5752292059855262,0.017430594757208068,-0.004324984995062555,0.021589685487792193
3.564999999999995,-0.5787003802213461,0.01751315995896089,0.0008246849411010758,0.02319350142929861
3.569999999999995,-0.5734800561639541,0.017207334504456155,0.0011746349314397794,0.019328164575149253
3.574999999999995,-0.5705217045768544,0.01711394560794048,-0.005425725169242778,0.02502414706081774
3.5799999999999947,-0.5706541307164708,0.017238468164071197,0.0006418883796012061,0.024190214742759748
3.5849999999999946,-0.5695920787255366,0.01725937568622841,-0.00355595120112074,0.020855964532310582
3.5899999999999945,-0.5688432089494071,0.01765703486604543,-0.0025817963700962483,0.02063146396895849
3.5949999999999944,-0.5677980398101601,0.018001550584962476,0.0009493098729718795,0.02176130233280541
3.5999999999999943,-0.5667268658881427,0.016769985036158234,-0.003447969608265795,0.01985769449328204
3.604999999999994,-0.5655657532072516,0.017528038017295227,0.0012391678432490914,0.022732431597485593
3.609999999999994,-0.5656294460104904,0.017717065713302487,-0.004404160839093161,0.021560295222557587
3.614999999999994,-0.5653001804498702,0.016832267059272068,0.0015380676096489177,0.019978896411633782
3.619999999999994,-0.5637576316065444,0.01773171672326276,-0.005832006401872081,0.023400661199865617
3.624999999999994,-0.5621685138652982,0.016870817814271515,0.006799159840018403,0.020479192960830554
3.6299999999999937,-0.561991678604867,0.017483884825959077,-8.90578142291432e-05,0.020224478771219617
3.6349999999999936,-0.5614798170825342,0.016359043129071486,0.00825017005187968,0.021239979670761966
3.6399999999999935,-0.5598066816522637,0.017611682450616853,0.00038563713332699905,0.021490042160783544
3.6449999999999934,-0.559127106329612,0.017106961202946608,0.003743868784408064,0.020295824472201685
3.6499999999999932,-0.5561265057147706,0.016670080175263887,0.0015170234026981916,0.023008709817053687
3.654999999999993,-0.5567092622940863,0.016145716458454574,0.0005313462751946557,0.020037363210895512
3.659999999999993,-0.5538113229118315,0.01612510564104774,0.004604400899367428,0.019740336323534023
3.664999999999993,-0.5549164237404232,0.016326847227673864,0.005639527913821151,0.02094154086088933
3.669999999999993,-0.5545543511823836,0.016125904488573393,0.0012916183242061585,0.021797907426470933
3.6749999999999927,-0.5495485501614635,0.017011136736949588,0.0032848169862568295,0.022305037843653036
3.6799999999999926,-0.5530120426832521,0.016525515584655825,-0.0004518503771031901,0.019971370636566215
3.6849999999999925,-0.5489573116587696,0.016909573794206035,0.0036452090458165094,0.02070348117769966
3.6899999999999924,-0.5485856372205037,0.016495744264792042,-0.00308589718985065,0.01679751434241742
3.6949999999999923,-0.5492948994955603,0.018024510791407,0.002465133016317751,0.021801999782887067
3.699999999999992,-0.5476150434478375,0.016888421643091917,-0.002479215836670516,0.021591767148752983
3.704999999999992,-0.5446063618012299,0.017193529924390865,-0.0011420284068140141,0.022217424090512312
3.709999999999992,-0.5429562717038265,0.016499461509591865,-0.0017532306562477458,0.021362238161246112
3.714999999999992,-0.5441697145562383,0.016769700788751393,-0.0027280256142715666,0.01842861299247466
3.7199999999999918,-0.5430610125471197,0.017128559558106576,-0.0013800360175286227,0.021914058170845966
3.7249999999999917,-0.5412244851182856,0.017173348962369817,0.002128305672444242,0.019937838144246833
3.7299999999999915,-0.5433473897280753,0.01695398724138026,0.0033369073910371767,0.02196785038916889
3.7349999999999914,-0.5415939994813633,0.017723148261132804,0.0003922784561909626,0.02120672475454947
3.7399999999999913,-0.5400332872940078,0.01687870485355813,-1.300260770774295e-05,0.01875557183183318
3.7449999999999912,-0.539642088459501,0.01593206072658421,-0.0025214242967116283,0.020885081631634685
3.749999999999991,-0.5368609725057805,0.017746077474172155,-0.00832242449995774,0.020362750936860786
3.754999999999991,-0.5360656134496572,0.01644216747596398,0.0010303660835520954,0.020516429152001598
3.759999999999991,-0.5343011010585009,0.01647408498640213,0.0013724344816740924,0.023851754993015225
3.764999999999991,-0.5332750551496465,0.016670764717907023,-0.00419631927504029,0.019373547721137998
3.7699999999999907,-0.5333553114326555,0.017610805828428312,-0.0023623924824008593,0.018459789497427485
3.7749999999999906,-0.5320886582118269,0.0167510752124028,0.002231486309149501,0.02121770809486812
3.7799999999999905,-0.5323438292909894,0.017278141590407043,-0.0022950190051171547,0.020207538273797215
3.7849999999999904,-0.530955871687481,0.01633338710221137,-9.793959230456649e-05,0.02037647574906093
3.7899999999999903,-0.5314748551600407,0.016042696457533066,-0.00035055012050099485,0.021312740699036502
3.79499999999999,-0.5289100225888913,0.015960176939824232,0.00424052810916254,0.020325703995567487
3.79999999999999,-0.5279202244476834,0.016953715813531615,0.0009987997483376816,0.02009659647973782
3.80499999999999,-0.5273776360930718,0.017565156963519218,-0.0009783556646822797,0.020294898631093815
3.80999999999999,-0.5275344675863998,0.017365242930012615,0.00047353471323355843,0.02113538759307841
3.8149999999999897,-0.5248558515666795,0.016466385987731147,0.0016550910075893393,0.020879057515979186
3.8199999999999896,-0.525291459211995,0.017083070215584157,-0.004189917992818033,0.021285828295485115
3.8249999999999895,-0.5230880581836601,0.01661706247167163,-0.002797559528052532,0.02176106417626728
3.8299999999999894,-0.5218030012567226,0.017691119961810314,0.004074534911944913,0.019780974095433234
3.8349999999999893,-0.5228108828438356,0.016560926286591227,-0.002111302265556647,0.020446149189054498
3.839999999999989,-0.5214364482393549,0.01701307679511483,0.0012446489364451045,0.021197651698130957
3.844999999999989,-0.5192478502791127,0.016156219488506457,0.006416763368641934,0.02107146320972912
3.849999999999989,-0.5201993203802237,0.016617048803159548,-3.368672179900744e-05,0.021922397175108622
3.854999999999989,-0.5185981197437303,0.01652685052487002,0.0037349069919412254,0.02064192935721031
3.8599999999999888,-0.5180208845588297,0.016813004650077554,0.0006997799556364238,0.019050845110274668
3.8649999999999887,-0.5177059420575426,0.016422052558597754,-0.0021538307823017752,0.02002934909404285
3.8699999999999886,-0.5166198844062159,0.017170229305948543,-0.0023022204611404464,0.020561982627434694
3.8749999999999885,-0.5143787163833448,0.016336873822856555,-0.0030635327071259883,0.01901073780288526
3.8799999999999883,-0.5153190644294363,0.016578784654174304,0.001800000000518515,0.016978935478393117
3.8849999999999882,-0.5135575921553616,0.016851759496850256,-0.0041424284993638654,0.019894003371302905
3.889999999999988,-0.5122329268450259,0.016373996750671825,0.001088017607001916,0.019122376772575805
3.894999999999988,-0.511836607716374,0.01746618822813027,0.003391198255309756,0.01993146780625784
3.899999999999988,-0.5098046815605205,0.016184035806781568,0.0020654130933894232,0.018742653515583015
3.904999999999988,-0.5076900181662538,0.016917576228855705,-0.0003120224133162206,0.020486179929199783
3.9099999999999877,-0.508479376379598,0.017252223462459443,-0.002229565917677861,0.022983888709423257
3.9149999999999876,-0.5076985801069898,0.01662953610742139,0.004060332066964521,0.019081116009104043
3.9199999999999875,-0.5083485500148164,0.016870091302563523,-0.006223724739647754,0.021391538624649813
3.9249999999999874,-0.5059647135768898,0.016554858699540154,-0.002081936388571107,0.021588014854545912
3.9299999999999873,-0.5044228850149779,0.016799011614675632,0.0017077015475741662,0.018191186765481808
3.934999999999987,-0.5040405685304522,0.016000524175798964,7.273454041149733e-05,0.020567282023376918
3.939999999999987,-0.5042882176620241,0.016650540427262463,0.006893178646949429,0.020819982100278762
3.944999999999987,-0.5039617523989169,0.016974953340098308,0.00038075615128467413,0.01793017393286996
3.949999999999987,-0.5017999603429254,0.01674678522082175,0.00013618724345901463,0.01957080514142835
3.9549999999999867,-0.5010241249616825,0.016460024211782616,-0.0006657731614374755,0.021872427138671158
3.9599999999999866,-0.5011223844943893,0.016136717493467106,0.0023602720574526547,0.018193210332414795
3.9649999999999865,-0.5018971799599884,0.016423800040443418,0.0018528505804289513,0.01762288652196994
3.9699999999999864,-0.4989288258037464,0.016086897062991046,-0.0025062212470502183,0.02095840270860224
3.9749999999999863,-0.498561872270351,0.01714259350828575,0.0008367673460224423,0.019424558289402337
3.979999999999986,-0.49718471660473795,0.016321842165310515,-0.002044128827923664,0.020820578131780478
3.984999999999986,-0.4942446892071686,0.01610021231315651,-0.000786957395200186,0.02081745521116409
3.989999999999986,-0.4948469696342528,0.015991562749626823,-0.0014530106193602966,0.020012294706110403
3.994999999999986,-0.4935713539626222,0.01694830716099488,0.003033926804440726,0.020578038938738108
3.999999999999986,-0.49579403903108044,0.016872851900725568,0.0004128825820429233,0.017599952585488122
4.004999999999986,-0.4945094619996311,0.017246661334573504,0.0017132626525941236,0.01728521943913003
4.009999999999986,-0.4919011802953776,0.016415874033868596,0.00041912383576180187,0.017200917920384935
4.0149999999999855,-0.4903321464459022,0.0158225212315572,0.0010436087200568274,0.018852845354118693
4.019999999999985,-0.4915146230518591,0.01694642338580192,-0.0027555111085254412,0.020215286754903593
4.024999999999985,-0.49004248836250824,0.015999865067241926,0.0018546909456644588,0.022302159205881064
4.029999999999985,-0.48894762942184805,0.016834252679399697,0.002167673544058,0.018822538572304863
4.034999999999985,-0.48741140233132574,0.01615115063647282,-0.0005002600619793263,0.019997027162808177
4.039999999999985,-0.4889564310986892,0.01629032145785137,0.0006622524487080004,0.01942370262541635
4.044999999999985,-0.4871397479864854,0.01613407919980757,0.001929785952955425,0.01941988412535573
4.049999999999985,-0.4860212040987223,0.01669046802915723,0.0017319864009774438,0.018768245575827798
4.054999999999985,-0.4848797757116693,0.016344244831442974,0.0006912182427155488,0.020271050745207284
4.0599999999999845,-0.48349157802627957,0.01595095118396907,-0.0006192838607613887,0.01921243550507204
4.064999999999984,-0.48454690954284113,0.016971402208137146,0.0014999800018525035,0.020725624466132308
4.069999999999984,-0.4844910578862217,0.016323417998193528,-0.002613962795892559,0.02067592961520746
4.074999999999984,-0.4815135023300112,0.015938842534450645,-0.0008926585213441014,0.019987513863074628
4.079999999999984,-0.48298707724237566,0.01571469895786151,0.00375063014262365,0.02005628799085585
4.084999999999984,-0.4808272052094993,0.01611123280356884,-0.003031846389181471,0.01985207859910789
4.089999999999984,-0.48130834140189055,0.016449852989588017,-0.0021060612181547493,0.019835046804958723
4.094999999999984,-0.47957975577893175,0.016231748608057765,-0.003174474896158137,0.02046224470935326
4.099999999999984,-0.47917751509753626,0.015296018459142548,0.0005683936859588114,0.01708397515071364
4.1049999999999836,-0.4789700335706561,0.01615005042389662,0.003534666945598838,0.017817105934918163
4.1099999999999834,-0.4790770150728525,0.016481421845246993,0.0013003000697248827,0.019087401947731935
4.114999999999983,-0.4774034802473457,0.015941019023552005,-0.002318543712200166,0.019167275367082355
4.119999999999983,-0.4748804958302108,0.015751526936354836,-0.00025277055556453023,0.01782149651589916
4.124999999999983,-0.4752163225697336,0.01723756708917471,0.00022648530029786303,0.018734050414475224
4.129999999999983,-0.4761973190281386,0.016680785465580245,-0.003020884183970054,0.018179102219310878
4.134999999999983,-0.4749697934069331,0.016324986647908834,-0.00271026206119761,0.018670996551429994
4.139999999999983,-0.47307573474390696,0.01600800224331018,-0.001959871974580347,0.019408248741240586
4.144999999999983,-0.47326537255502554,0.016426891233063335,-0.0007673934870483371,0.01943751131431387
4.149999999999983,-0.4705777950204833,0.015961512366674216,-0.000497019399350541,0.0177470693323247
4.1549999999999825,-0.47237271421621935,0.01643148132192261,-0.0016904180978400069,0.01824800551711185
4.159999999999982,-0.47110462040871615,0.016934223667195943,-0.0009246249169445058,0.019340650602144408
4.164999999999982,-0.4703823159899466,0.015347314757293775,-0.0015464693004530721,0.018705951110637373
4.169999999999982,-0.4688176832024539,0.0168242992299376,0.0008179636015984316,0.019238220650143384
4.174999999999982,-0.469047809105011,0.0158488120375409,0.0016195639274770998,0.019435257982113548
4.179999999999982,-0.4672265648663008,0.016156351648544863,-0.002280696158057473,0.0192056193461995
4.184999999999982,-0.46652762499135075,0.015676526196063835,0.0019028205707813223,0.01668360714650457
4.189999999999982,-0.4641769150718018,0.01661303809201029,-0.002140148033795471,0.019785205555585647
4.194999999999982,-0.4629174628825778,0.015578010757884396,0.00033510702987185023,0.01748835633363375
4.1999999999999815,-0.4660412077547002,0.016455146400147194,0.0023540708134139926,0.01784878013562547
4.204999999999981,-0.4639530304635279,0.016390048752633887,0.0033710342076834383,0.01780082942650242
4.209999999999981,-0.46334706904721706,0.01664196828008616,0.0004291258327624567,0.017142741203485867
4.214999999999981,-0.4619523101233082,0.01644891826331205,-0.0011223044621361665,0.017311211570169006
4.219999999999981,-0.4610428482168888,0.016079918820506148,0.003252570517727946,0.019699499822987986
4.224999999999981,-0.46224060778046494,0.01706222743135206,9.797960350721788e-05,0.019218523415322625
4.229999999999981,-0.4609354664907858,0.015347344384037785,-5.385077371026622e-05,0.0192534670410214
4.234999999999981,-0.45953502676968194,0.01641384742423652,0.0033987197526351475,0.017499443109012188
4.239999999999981,-0.4593035403395395,0.01652227704322307,-0.0003804360866075241,0.018741310144547895
4.244999999999981,-0.4568258446201035,0.016608701347208158,-0.005766073223784799,0.016965323170017997
4.2499999999999805,-0.45851778319941255,0.016288393705454415,-0.00011086216346262656,0.019029055211473928
4.25499999999998,-0.4566306859093872,0.016704680337418423,0.0014913382724210304,0.018404200485841685
4.25999999999998,-0.45703180586488085,0.01584436398397655,0.005401040223441625,0.01709375860436833
4.26499999999998,-0.45581628281752046,0.01572378433621992,0.0019080216115653391,0.016506688987308202
4.26999999999998,-0.45448369640878594,0.016091901626035143,-0.0007949189845579278,0.017631538497529815
4.27499999999998,-0.4535819158527369,0.015793707055121613,-0.0009722744531133845,0.017183856423594844
4.27999999999998,-0.4539065408239271,0.016739726608757634,-0.0013053010591182555,0.018402362564487657
4.28499999999998,-0.45371682268544467,0.01605739411967079,-0.000680336077165637,0.01898031187969675
4.28999999999998,-0.45405176979442863,0.016501157942843337,0.0002092418501894464,0.0182699397519564
4.2949999999999795,-0.451709301501757,0.016325105185008976,-0.0021208241646086127,0.017836726043263234
4.299999999999979,-0.4509657925010848,0.01659186077185999,0.0006106821397409513,0.01687530129111605
4.304999999999979,-0.45064060783763005,0.016415316045782873,-0.002402560520223855,0.017074843284338635
4.309999999999979,-0.4498061209076475,0.015986534094959558,-0.0014898179782027552,0.017296907134470078
4.314999999999979,-0.4496307257509966,0.015375198632192222,0.0001923984761076366,0.01751906434959681
4.319999999999979,-0.4480003196672335,0.01592451880280873,0.001073494698852254,0.019104761086790708
4.324999999999979,-0.4467651125645013,0.016443734651402003,0.0021602720667812875,0.017354477761748473
4.329999999999979,-0.4455068609635337,0.016023564331911364,0.001712462502377729,0.017358485065223597
4.334999999999979,-0.44695066964538077,0.015858747940274268,-0.002389397888440312,0.01630664619423943
4.3399999999999785,-0.4454291654803987,0.016188824843962547,6.329266830011856e-05,0.015814298270701296
4.344999999999978,-0.44509677880166604,0.016349508278539655,0.001443608725479066,0.018079072501670027
4.349999999999978,-0.4454748544854673,0.016127706461735537,-0.0013225845235324124,0.018697976061899064
4.354999999999978,-0.4440432082810243,0.015418249256338076,-0.0031777555521366237,0.018598219625670306
4.359999999999978,-0.44447817533439243,0.016070042679072447,9.821964144754885e-05,0.01820492658253991
4.364999999999978,-0.44308181587255674,0.01617422304598585,0.002848569717503947,0.017762450490003162
4.369999999999978,-0.4412820961778701,0.016386053901194124,0.0012255251030985142,0.01694110214716101
4.374999999999978,-0.4409916380401324,0.015772691489808977,0.0022227645668723354,0.018087457175195887
4.379999999999978,-0.441097898962832,0.01565159987727015,0.0013280656204864817,0.016140637022194614
4.384999999999978,-0.44101140186843407,0.01667086396555554,-0.005463972802081433,0.018521596910533095
4.3899999999999775,-0.4382076411634523,0.015096627792269718,-0.0013690338126070456,0.017699917853524406
4.394999999999977,-0.43902764514246617,0.015609954549136414,-0.0005305861295497337,0.017707924154890472
4.399999999999977,-0.43920167997422804,0.015897333027052436,-0.0011357471441019067,0.017019056474636945
4.404999999999977,-0.43766977366601784,0.016130204233743367,-0.0011168233706779997,0.017851766897645876
4.409999999999977,-0.43605281036122845,0.01642522842565619,-0.005457491511863151,0.01997980820143548
4.414999999999977,-0.4386277252506032,0.015670575072686266,-0.001399719942946267,0.017128703844527762
4.419999999999977,-0.4352200838786932,0.016075632623063395,0.0030841368375015893,0.017394167837325936
4.424999999999977,-0.4348980991524156,0.01623020567245915,0.0044773754809377736,0.018215210521611933
4.429999999999977,-0.4334334064290676,0.01633167804502841,-0.00024192838716021866,0.017408144881271393
4.4349999999999765,-0.43401112211158355,0.01582145949078887,-0.002237047414972885,0.01740938596263228
4.439999999999976,-0.4333746745827723,0.015957205755983334,0.003739907989351396,0.01619843414893188
4.444999999999976,-0.433014442364343,0.01582861102004613,-0.0010963392774704637,0.017779265865378195
4.449999999999976,-0.4324891372939829,0.016263188044993066,0.0005148229644917055,0.01665263826878498
4.454999999999976,-0.4305709137943273,0.01594128360411773,0.0013642728652235332,0.01948399389177571
4.459999999999976,-0.4314998997094799,0.01624653992823381,0.00027233447505749974,0.018542761416069458
4.464999999999976,-0.43114350854480094,0.01622720094857098,0.0010174434969571866,0.018320073528228387
4.469999999999976,-0.4296835363745856,0.015536772996554994,0.002386237263120972,0.017969138608532845
4.474999999999976,-0.4288156028031397,0.01621825059744438,-0.00041220243067464695,0.017792930555225347
4.479999999999976,-0.4293239443546344,0.01731073000930159,0.0003851570374974923,0.016728577178568734
4.4849999999999755,-0.42891930334924294,0.01580019509139617,-0.0006584516985085136,0.017072989048154446
4.489999999999975,-0.426950589826904,0.016229572673279246,-0.0029097019552655505,0.017262660782194118
4.494999999999975,-0.42652538489117386,0.016214518698173034,0.00011050209529979397,0.016506661405738664
4.499999999999975,-0.42528193606617787,0.016171052216608802,-0.0001797159407619919,0.01660693892916564
4.504999999999975,-0.4260100017525859,0.016942334081714503,-0.002336587326456857,0.01715060961442167
4.509999999999975,-0.4254182035218575,0.01603516371101476,-0.0028788957932046806,0.01757109647026262
4.514999999999975,-0.4259383074043512,0.01596998193610173,0.0020740548190424637,0.016531772146025397
4.519999999999975,-0.4237674732259761,0.017123363369642475,-0.0029279455869506543,0.016960186208378945
4.524999999999975,-0.422992518101246,0.016666342539103284,-0.0018910982197153942,0.01683865897606006
4.5299999999999745,-0.42333930759435656,0.015258464280701782,-0.002080616144753748,0.017123295276033183
4.534999999999974,-0.4217608319828333,0.01568577194282775,0.0035091018291438,0.01726282750626429
4.539999999999974,-0.42211114191775273,0.016621787648040898,0.000645049011575013,0.017000314777673012
4.544999999999974,-0.42189157788909465,0.016196437159793804,-0.0017486697374736635,0.01745907590465328
4.549999999999974,-0.4210563710234742,0.016558979774064602,0.001170034005308431,0.014883094988242486
4.554999999999974,-0.42015459096224267,0.015497125498966322,-0.003663132636839926,0.01642752047695338
4.559999999999974,-0.42009561865848166,0.016122721241477067,-0.0021500700330961847,0.017890554914314655
4.564999999999974,-0.4191325462730104,0.01596165315156128,0.0007898779653986785,0.015398556354084325
4.569999999999974,-0.4187913579055132,0.015110685685737903,-0.0009112622516261792,0.016530296370896515
4.5749999999999735,-0.419817723353211,0.015552989285416608,-3.384676890345363e-05,0.01720464426636458
4.579999999999973,-0.4178575712171739,0.015822433297083698,-0.0007667933588189267,0.01778327987809023
4.584999999999973,-0.41634174814150793,0.016345626694376034,0.001602000409189642,0.01778481400104252
4.589999999999973,-0.41587477461603506,0.015886681126607977,0.0025995999227668375,0.01748419369010498
4.594999999999973,-0.41492298424279694,0.016046691406543398,0.0015607121389432685,0.01703553989825699
4.599999999999973,-0.41594478842687027,0.01583159294716965,0.002692618524740304,0.017749088287148867
4.604999999999973,-0.41368889744268894,0.016173450758370324,0.0005850370159623217,0.01717787022589305
4.609999999999973,-0.41479127818785994,0.015611661239990067,-0.0001629925936540465,0.016607729619509837
4.614999999999973,-0.41398991750798053,0.0163687988440997,0.0020743748917218573,0.018252639682843835
4.619999999999973,-0.41365072990827834,0.015424149842969978,-0.002040488101497237,0.016498458659435097
4.6249999999999725,-0.4121549908495779,0.01665930531088956,0.0005020604100214158,0.017898696405490265
4.629999999999972,-0.4116980194878545,0.015993029945965253,0.0017317463599311128,0.018290949432620877
4.634999999999972,-0.4111805561781645,0.015848721776375425,0.0019995599178109966,0.01714514741993851
4.639999999999972,-0.41005953152577,0.016484993097772037,0.0015815563157475748,0.01592326383573689
4.644999999999972,-0.410465132805032,0.015941121000602076,-0.001957671539825497,0.017968597046785943
4.649999999999972,-0.40950846148624637,0.015824804309912024,0.0026524104882667387,0.01700666259083919
4.654999999999972,-0.4090967791203047,0.015610650900727946,-0.0009907581625870222,0.015647014080307456
4.659999999999972,-0.40869597873942426,0.014984216888599092,0.003146309264377626,0.01642766362514743
4.664999999999972,-0.4076058411269122,0.01655672145101679,-0.002321544302891457,0.016819509194136974
4.6699999999999715,-0.4087396677576749,0.015846066976982605,-0.004975515114280702,0.015875074716860046
4.674999999999971,-0.40714566883241493,0.016680976067621922,0.001585197037717314,0.015005879967525655
4.679999999999971,-0.4069744347870219,0.01589817874414571,-0.0020323664757066475,0.01693789467728008
4.684999999999971,-0.40743876744756985,0.015852146033224906,0.00039075815476513756,0.01727243698257051
4.689999999999971,-0.4046799760743317,0.016238273380973247,0.001985517110480236,0.01563218091354478
4.694999999999971,-0.40470142041022455,0.016167806327436175,-0.0035204640862528326,0.016784870044525217
4.699999999999971,-0.40488089580825865,0.015490260187106293,-0.001258371671396301,0.016177914950061274
4.704999999999971,-0.40354574873676824,0.01535180279318133,-0.001504820963918528,0.01666058927245403
4.709999999999971,-0.4043047807352093,0.01612005444112696,6.0732153986007234e-05,0.01524565299907888
4.7149999999999705,-0.4054549308115541,0.01588211172204538,-0.003277535514179961,0.01704613906370853
4.71999999999997,-0.4008969792391591,0.015448018320800798,0.0015861572307968785,0.01622655618670993
4.72499999999997,-0.4017134625378979,0.015729894174236134,-0.0006462092325799309,0.01905209341164721
4.72999999999997,-0.4008474493532282,0.016751880143730812,-0.0002693338681783309,0.015711749453040234
4.73499999999997,-0.40048705723123995,0.016215398572986338,0.0005324264862095376,0.017160381457570616
4.73999999999997,-0.40007257415046926,0.015943876629572355,0.0014084416990097644,0.017085485799454243
4.74499999999997,-0.4004204040182712,0.015557976860399145,0.001833526718702897,0.016998695852049443
4.74999999999997,-0.39915919169160596,0.015608642534316548,0.0007761152175186282,0.01679454133207545
4.75499999999997,-0.3989974793838868,0.015739944516888114,-0.002297859572113982,0.017329306264872404
4.75999999999997,-0.3979400679525744,0.01597833958247557,0.00025677136141049245,0.016514369610841365
4.7649999999999695,-0.3982163629285763,0.015583775410663171,0.00031890378108063305,0.015579473472979475
4.769999999999969,-0.39733882784652674,0.015964305664854555,0.0017205441179233745,0.015625548581116623
4.774999999999969,-0.3982968593292366,0.01569302476273796,0.0015764353001633874,0.01717793348019438
4.779999999999969,-0.3973445888637757,0.01553607218068554,-0.0008174834933303703,0.017150108126990055
4.784999999999969,-0.3951069412290585,0.015902787685334523,-3.7207441363428893e-06,0.016094628010512032
4.789999999999969,-0.39481176224010517,0.016014772781150977,-0.0026728145734520514,0.016624017937368812
4.794999999999969,-0.39441600322699544,0.01602180721072193,-0.0005062212495318977,0.01684548493322771
4.799999999999969,-0.39370746146585733,0.015108904687989526,0.00020916183096291764,0.017595941605785204
4.804999999999969,-0.39454194828256844,0.015296887769944548,0.0007673934821550045,0.016724615897920035
4.8099999999999685,-0.3943812762124225,0.015525470689131592,-0.0002922184372614755,0.016855440165832826
4.814999999999968,-0.3925742748189531,0.015411999096085798,-0.00253226645272105,0.01639325572776392
4.819999999999968,-0.3915135026228478,0.016118434543293245,0.0010248049734001062,0.01736810882939763
4.824999999999968,-0.3914485296074642,0.016390304624110338,-0.0015126625289950482,0.01547699667494847
4.829999999999968,-0.3923775954684345,0.014908934643194588,-0.0026482096372945295,0.015752366695203232
4.834999999999968,-0.39107477481924646,0.016004799232788074,0.0027311862332712014,0.015536983823185689
4.839999999999968,-0.39004912973046424,0.015676008190608073,3.172634301791823e-05,0.016993329696860203
4.844999999999968,-0.38983828763552586,0.01513354022387324,0.00022756551519306152,0.017762190313068523
4.849999999999968,-0.3903464692834616,0.015720997303815296,0.0012161232296580816,0.015794356766342645
4.854999999999968,-0.3878634925913062,0.016399772591460804,-0.0016474094803574848,0.016194525693480986
4.8599999999999675,-0.3889853171847729,0.015469241395491154,0.001072654541627909,0.016225216901671263
4.864999999999967,-0.3873182637652389,0.016199189140147896,0.0005377875595227976,0.01724273348736656
4.869999999999967,-0.38852906591369046,0.015199101333014895,0.00019891979405411937,0.01574371432030628
4.874999999999967,-0.3862581315828004,0.01616195123453658,0.0005153830745787233,0.016971593485794648
4.879999999999967,-0.38724488896306786,0.015490377592852484,-0.0003815163119443549,0.0161184923547874
4.884999999999967,-0.38715551115436825,0.014993522951177791,-0.002446249259909693,0.016792727177271524
4.889999999999967,-0.3855468691659226,0.015681429008756843,0.0006026805319613643,0.016874442922448798
4.894999999999967,-0.3858846967447803,0.015819064469510428,0.001051370278374483,0.016561191074588682
4.899999999999967,-0.38637239428896214,0.015948212827521208,-0.00035871175173925754,0.01746138679074532
4.9049999999999665,-0.3852351269297038,0.01505508084659161,0.00029553910832875226,0.017604701560591924
4.909999999999966,-0.3845749149610577,0.015431156391938731,0.00016747349256118746,0.015120319167138003
4.914999999999966,-0.3852283256331499,0.01600409906194142,0.0004416083244518918,0.015248389465421787
4.919999999999966,-0.38254226837474886,0.016198887304020738,8.449689706482491e-05,0.016379249027804205
4.924999999999966,-0.38190526099867,0.015161773389333649,0.0008092018423956563,0.015785038174457717
4.929999999999966,-0.38255523110919293,0.015545940521259717,0.001339507897756463,0.016283899264827817
4.934999999999966,-0.3817205040019425,0.015360211360589142,-0.0006452490504659724,0.015636693237819937
4.939999999999966,-0.38201592323970357,0.015445934647116537,-0.0014747349506393432,0.015961541611220067
4.944999999999966,-0.3802774955890588,0.015546965240584406,-0.0022822964549854604,0.016157240138429896
4.9499999999999655,-0.38147261432348,0.015123809280847233,-0.0014146029222686994,0.014486702077620615
4.954999999999965,-0.3808672134281039,0.016047800768699442,0.0003441088331367162,0.015505788719903579
4.959999999999965,-0.3785317064249699,0.015610834486066164,-6.601320993284534e-05,0.016206564560500188
4.964999999999965,-0.37893610722328525,0.015816454825938617,0.0006972194453190678,0.015292058890043227
4.969999999999965,-0.3787554309627585,0.01575287534064629,-0.0013529505846271792,0.017791360320711297
4.974999999999965,-0.3782662131662821,0.015127302952266511,0.0003447489495226662,0.016238969476401282
4.979999999999965,-0.37608841756721284,0.015376116772621903,-0.0005464292910443439,0.014545925096539692
4.984999999999965,-0.3771526304441205,0.015382167993774272,0.0014716943407606228,0.015729035767633553
4.989999999999965,-0.3760316064057767,0.015681143563600536,-0.0021011802392620887,0.01580453311212855
4.994999999999965,-0.37612154428232525,0.01612341031304643,0.0017327865680046625,0.016135655076793355
